{"assignment": {"9": 0, "10": 0, "76": 0, "19": 3, "15": 6, "20": 3, "11": 6, "77": 4, "1": 4, "14": 6, "2": 4, "12": 6, "13": 6, "75": 1, "49": 1, "51": 1, "74": 1, "53": 1, "50": 1, "70": 8, "54": 1, "72": 8, "47": 1, "73": 8, "48": 1, "55": 1, "16": 6, "4": 4, "6": 7, "5": 7, "3": 4, "23": 3, "17": 0, "25": 0, "26": 3, "29": 0, "18": 0, "21": 6, "7": 7, "24": 3, "27": 3, "22": 7, "37": 9, "52": 1, "43": 8, "44": 1, "41": 8, "40": 8, "69": 8, "68": 9, "42": 8, "45": 1, "46": 1, "67": 9, "56": 5, "63": 9, "64": 5, "66": 9, "65": 5, "71": 8, "32": 2, "31": 2, "30": 5, "28": 2, "8": 2, "35": 2, "36": 2, "38": 9, "33": 2, "34": 2, "39": 2, "60": 9, "61": 9, "57": 5, "58": 5, "59": 5, "62": 5}, "id": "darylassignment1030", "idColumn": {"name": "Area Number", "key": "area_num_1"}, "placeId": "chicago_communities", "problem": {"type": "multimember", "numberOfParts": 50, "name": "City Council", "pluralNoun": "City Council Seats"}}