{"assignment": {"71": 8, "70": 2, "74": 1, "66": 2, "73": 8, "75": 1, "65": 2, "72": 8, "59": 6, "64": 2, "63": 2, "56": 2, "57": 6, "61": 6, "62": 2, "58": 6, "67": 2, "55": 1, "53": 1, "43": 8, "47": 1, "51": 1, "45": 1, "48": 1, "49": 1, "44": 1, "52": 1, "50": 1, "46": 1, "54": 1, "38": 6, "31": 6, "35": 6, "42": 8, "37": 6, "39": 6, "60": 6, "34": 6, "69": 8, "68": 8, "36": 6, "40": 8, "41": 8, "4": 7, "3": 7, "1": 7, "77": 7, "2": 7, "24": 5, "32": 5, "28": 5, "33": 5, "8": 5, "6": 0, "5": 0, "22": 0, "7": 0, "27": 3, "30": 3, "26": 3, "29": 3, "23": 3, "20": 3, "21": 3, "25": 4, "18": 4, "19": 9, "15": 9, "13": 9, "14": 9, "11": 4, "10": 4, "12": 4, "16": 9, "17": 4, "76": 4, "9": 4}, "id": "darylassignment347", "idColumn": {"name": "Area Number", "key": "area_num_1"}, "placeId": "chicago_communities", "problem": {"type": "multimember", "numberOfParts": 50, "name": "City Council", "pluralNoun": "City Council Seats"}}