{"assignment": {"71": 0, "70": 2, "74": 1, "66": 2, "73": 1, "75": 1, "65": 2, "72": 1, "59": 5, "64": 2, "63": 5, "56": 2, "57": 2, "61": 5, "62": 2, "58": 2, "67": 5, "55": 1, "53": 1, "43": 0, "47": 0, "51": 1, "45": 0, "48": 1, "49": 1, "44": 0, "52": 1, "50": 1, "46": 1, "54": 1, "38": 5, "31": 6, "35": 5, "42": 0, "37": 5, "39": 5, "60": 5, "34": 5, "69": 0, "68": 0, "36": 5, "40": 0, "41": 0, "4": 8, "3": 8, "1": 8, "77": 8, "2": 8, "24": 6, "32": 6, "28": 6, "33": 5, "8": 6, "6": 4, "5": 4, "22": 4, "7": 4, "27": 7, "30": 7, "26": 7, "29": 7, "23": 7, "20": 7, "21": 7, "25": 3, "18": 9, "19": 3, "15": 3, "13": 9, "14": 9, "11": 3, "10": 9, "12": 9, "16": 9, "17": 9, "76": 9, "9": 9}, "id": "darylassignment429", "idColumn": {"name": "Area Number", "key": "area_num_1"}, "placeId": "chicago_communities", "problem": {"type": "multimember", "numberOfParts": 50, "name": "City Council", "pluralNoun": "City Council Seats"}}