{"assignment": {"71": 3, "70": 2, "74": 3, "66": 2, "73": 3, "75": 3, "65": 2, "72": 3, "59": 3, "64": 2, "63": 2, "56": 2, "57": 2, "61": 3, "62": 2, "58": 3, "67": 3, "55": 0, "53": 0, "43": 0, "47": 0, "51": 0, "45": 0, "48": 0, "49": 0, "44": 0, "52": 0, "50": 0, "46": 0, "54": 0, "38": 1, "31": 1, "35": 1, "42": 1, "37": 1, "39": 1, "60": 1, "34": 1, "69": 1, "68": 1, "36": 1, "40": 1, "41": 1, "4": 4, "3": 4, "1": 4, "77": 4, "2": 4, "24": 7, "32": 7, "28": 7, "33": 7, "8": 7, "6": 6, "5": 6, "22": 6, "7": 6, "27": 9, "30": 9, "26": 9, "29": 9, "23": 9, "20": 9, "21": 9, "25": 8, "18": 5, "19": 8, "15": 8, "13": 5, "14": 5, "11": 8, "10": 5, "12": 5, "16": 5, "17": 5, "76": 5, "9": 5}, "id": "darylassignment178", "idColumn": {"name": "Area Number", "key": "area_num_1"}, "placeId": "chicago_communities", "problem": {"type": "multimember", "numberOfParts": 50, "name": "City Council", "pluralNoun": "City Council Seats"}}