{"assignment": {"71": 1, "70": 3, "74": 1, "66": 3, "73": 1, "75": 1, "65": 3, "72": 1, "59": 8, "64": 3, "63": 3, "56": 3, "57": 8, "61": 8, "62": 8, "58": 8, "67": 3, "55": 6, "53": 6, "43": 6, "47": 6, "51": 6, "45": 6, "48": 6, "49": 1, "44": 6, "52": 6, "50": 1, "46": 6, "54": 6, "38": 8, "31": 9, "35": 8, "42": 6, "37": 1, "39": 8, "60": 8, "34": 8, "69": 6, "68": 1, "36": 8, "40": 1, "41": 1, "4": 5, "3": 5, "1": 5, "77": 5, "2": 5, "24": 9, "32": 9, "28": 9, "33": 8, "8": 9, "6": 0, "5": 0, "22": 0, "7": 0, "27": 7, "30": 7, "26": 7, "29": 7, "23": 7, "20": 7, "21": 7, "25": 2, "18": 2, "19": 4, "15": 4, "13": 4, "14": 4, "11": 2, "10": 2, "12": 2, "16": 4, "17": 2, "76": 2, "9": 2}, "id": "darylassignment312", "idColumn": {"name": "Area Number", "key": "area_num_1"}, "placeId": "chicago_communities", "problem": {"type": "multimember", "numberOfParts": 50, "name": "City Council", "pluralNoun": "City Council Seats"}}