{"assignment": {"71": 2, "70": 2, "74": 2, "66": 2, "73": 2, "75": 2, "65": 2, "72": 2, "59": 0, "64": 0, "63": 0, "56": 0, "57": 0, "61": 0, "62": 0, "58": 0, "67": 0, "55": 3, "53": 3, "43": 3, "47": 3, "51": 3, "45": 3, "48": 3, "49": 3, "44": 3, "52": 3, "50": 3, "46": 3, "54": 3, "38": 1, "31": 1, "35": 1, "42": 1, "37": 1, "39": 1, "60": 1, "34": 1, "69": 1, "68": 1, "36": 1, "40": 1, "41": 1, "4": 4, "3": 4, "1": 4, "77": 4, "2": 4, "24": 7, "32": 7, "28": 7, "33": 7, "8": 7, "6": 6, "5": 6, "22": 6, "7": 6, "27": 8, "30": 8, "26": 8, "29": 8, "23": 8, "20": 8, "21": 8, "25": 9, "18": 9, "19": 5, "15": 5, "13": 9, "14": 5, "11": 5, "10": 9, "12": 9, "16": 5, "17": 9, "76": 9, "9": 9}, "id": "darylassignment158", "idColumn": {"name": "Area Number", "key": "area_num_1"}, "placeId": "chicago_communities", "problem": {"type": "multimember", "numberOfParts": 50, "name": "City Council", "pluralNoun": "City Council Seats"}}