{"assignment": {"71": 3, "70": 0, "74": 3, "66": 0, "73": 3, "75": 3, "65": 0, "72": 3, "59": 2, "64": 0, "63": 0, "56": 0, "57": 0, "61": 2, "62": 0, "58": 2, "67": 2, "55": 3, "53": 3, "43": 1, "47": 1, "51": 3, "45": 1, "48": 1, "49": 3, "44": 1, "52": 3, "50": 3, "46": 1, "54": 3, "38": 2, "31": 2, "35": 2, "42": 1, "37": 1, "39": 2, "60": 2, "34": 2, "69": 1, "68": 1, "36": 2, "40": 1, "41": 1, "4": 8, "3": 8, "1": 8, "77": 8, "2": 8, "24": 4, "32": 4, "28": 4, "33": 4, "8": 4, "6": 6, "5": 6, "22": 6, "7": 6, "27": 9, "30": 9, "26": 9, "29": 9, "23": 9, "20": 9, "21": 9, "25": 5, "18": 5, "19": 7, "15": 7, "13": 7, "14": 7, "11": 5, "10": 5, "12": 5, "16": 7, "17": 5, "76": 5, "9": 5}, "id": "darylassignment228", "idColumn": {"name": "Area Number", "key": "area_num_1"}, "placeId": "chicago_communities", "problem": {"type": "multimember", "numberOfParts": 50, "name": "City Council", "pluralNoun": "City Council Seats"}}