{"assignment": {"71": 3, "70": 8, "74": 1, "66": 8, "73": 1, "75": 1, "65": 8, "72": 1, "59": 6, "64": 8, "63": 8, "56": 8, "57": 6, "61": 6, "62": 6, "58": 6, "67": 8, "55": 1, "53": 1, "43": 3, "47": 3, "51": 1, "45": 3, "48": 3, "49": 1, "44": 3, "52": 1, "50": 1, "46": 1, "54": 1, "38": 6, "31": 6, "35": 6, "42": 3, "37": 6, "39": 6, "60": 6, "34": 6, "69": 3, "68": 3, "36": 6, "40": 3, "41": 3, "4": 5, "3": 5, "1": 5, "77": 5, "2": 5, "24": 9, "32": 9, "28": 9, "33": 9, "8": 9, "6": 0, "5": 0, "22": 0, "7": 0, "27": 7, "30": 7, "26": 7, "29": 7, "23": 7, "20": 7, "21": 7, "25": 2, "18": 2, "19": 4, "15": 4, "13": 4, "14": 4, "11": 2, "10": 2, "12": 2, "16": 4, "17": 2, "76": 2, "9": 2}, "id": "darylassignment320", "idColumn": {"name": "Area Number", "key": "area_num_1"}, "placeId": "chicago_communities", "problem": {"type": "multimember", "numberOfParts": 50, "name": "City Council", "pluralNoun": "City Council Seats"}}