{"assignment": {"71": 1, "70": 2, "74": 1, "66": 2, "73": 1, "75": 1, "65": 2, "72": 1, "59": 3, "64": 2, "63": 2, "56": 2, "57": 3, "61": 3, "62": 2, "58": 3, "67": 2, "55": 1, "53": 1, "43": 6, "47": 6, "51": 1, "45": 6, "48": 6, "49": 1, "44": 6, "52": 1, "50": 6, "46": 6, "54": 1, "38": 3, "31": 3, "35": 3, "42": 6, "37": 3, "39": 3, "60": 3, "34": 3, "69": 6, "68": 6, "36": 3, "40": 6, "41": 6, "4": 7, "3": 7, "1": 7, "77": 7, "2": 7, "24": 8, "32": 8, "28": 8, "33": 8, "8": 8, "6": 0, "5": 0, "22": 0, "7": 0, "27": 4, "30": 4, "26": 4, "29": 4, "23": 4, "20": 4, "21": 4, "25": 9, "18": 9, "19": 5, "15": 5, "13": 5, "14": 5, "11": 9, "10": 9, "12": 9, "16": 5, "17": 9, "76": 9, "9": 9}, "id": "darylassignment335", "idColumn": {"name": "Area Number", "key": "area_num_1"}, "placeId": "chicago_communities", "problem": {"type": "multimember", "numberOfParts": 50, "name": "City Council", "pluralNoun": "City Council Seats"}}