{"assignment": {"9": 7, "10": 7, "76": 7, "19": 6, "15": 6, "20": 6, "11": 7, "77": 3, "1": 3, "14": 7, "2": 3, "12": 7, "13": 7, "75": 9, "49": 9, "51": 9, "74": 9, "53": 9, "50": 9, "70": 5, "54": 9, "72": 5, "47": 9, "73": 9, "48": 9, "55": 9, "16": 7, "4": 3, "6": 8, "5": 7, "3": 3, "23": 6, "17": 6, "25": 0, "26": 0, "29": 0, "18": 0, "21": 8, "7": 8, "24": 4, "27": 0, "22": 8, "37": 2, "52": 9, "43": 2, "44": 5, "41": 2, "40": 2, "69": 2, "68": 2, "42": 2, "45": 9, "46": 9, "67": 5, "56": 1, "63": 5, "64": 1, "66": 5, "65": 1, "71": 5, "32": 4, "31": 0, "30": 1, "28": 0, "8": 4, "35": 4, "36": 4, "38": 4, "33": 4, "34": 2, "39": 4, "60": 2, "61": 2, "57": 1, "58": 1, "59": 1, "62": 1}, "id": "darylassignment1004", "idColumn": {"name": "Area Number", "key": "area_num_1"}, "placeId": "chicago_communities", "problem": {"type": "multimember", "numberOfParts": 50, "name": "City Council", "pluralNoun": "City Council Seats"}}