{"assignment": {"4": 2, "77": 2, "3": 2, "14": 2, "1": 2, "76": 9, "2": 9, "11": 9, "15": 9, "10": 9, "9": 9, "12": 9, "13": 9, "5": 4, "6": 7, "16": 4, "21": 4, "7": 7, "30": 0, "57": 0, "70": 1, "62": 1, "64": 0, "65": 1, "29": 0, "56": 0, "19": 3, "17": 3, "18": 3, "25": 3, "20": 3, "67": 1, "61": 0, "59": 5, "63": 1, "68": 8, "58": 0, "60": 5, "31": 5, "71": 1, "66": 1, "75": 6, "74": 6, "49": 6, "53": 6, "72": 6, "73": 6, "51": 6, "43": 8, "40": 8, "44": 6, "52": 6, "50": 6, "42": 8, "69": 8, "55": 6, "45": 8, "46": 8, "54": 6, "48": 8, "47": 6, "8": 7, "22": 4, "32": 7, "24": 4, "35": 5, "36": 8, "38": 8, "33": 5, "34": 5, "39": 8, "37": 8, "41": 8, "23": 5, "26": 5, "27": 5, "28": 5}, "id": "darylassignment105", "idColumn": {"name": "Area Number", "key": "area_num_1"}, "placeId": "chicago_communities", "problem": {"type": "multimember", "numberOfParts": 50, "name": "City Council", "pluralNoun": "City Council Seats"}}