{"assignment": {"9": 3, "10": 3, "76": 3, "19": 6, "15": 6, "20": 6, "11": 3, "77": 4, "1": 4, "14": 3, "2": 4, "12": 3, "13": 3, "75": 9, "49": 9, "51": 9, "74": 9, "53": 9, "50": 9, "70": 5, "54": 9, "72": 9, "47": 9, "73": 5, "48": 9, "55": 9, "16": 3, "4": 4, "6": 7, "5": 7, "3": 4, "23": 6, "17": 6, "25": 0, "26": 0, "29": 0, "18": 0, "21": 3, "7": 7, "24": 0, "27": 0, "22": 7, "37": 2, "52": 9, "43": 2, "44": 5, "41": 2, "40": 2, "69": 2, "68": 2, "42": 2, "45": 9, "46": 9, "67": 5, "56": 1, "63": 5, "64": 1, "66": 5, "65": 1, "71": 5, "32": 8, "31": 8, "30": 1, "28": 8, "8": 8, "35": 2, "36": 2, "38": 2, "33": 2, "34": 2, "39": 2, "60": 8, "61": 8, "57": 1, "58": 1, "59": 1, "62": 1}, "id": "darylassignment1014", "idColumn": {"name": "Area Number", "key": "area_num_1"}, "placeId": "chicago_communities", "problem": {"type": "multimember", "numberOfParts": 50, "name": "City Council", "pluralNoun": "City Council Seats"}}