{"assignment": {"4": 1, "1": 1, "14": 1, "77": 1, "2": 1, "11": 0, "12": 0, "17": 0, "10": 0, "76": 0, "19": 0, "13": 0, "9": 0, "74": 3, "73": 3, "54": 2, "49": 2, "71": 3, "70": 3, "75": 2, "72": 3, "53": 2, "55": 2, "42": 3, "43": 2, "47": 2, "51": 2, "45": 3, "48": 2, "44": 3, "69": 3, "52": 2, "50": 2, "46": 2, "40": 3, "16": 7, "6": 7, "5": 7, "3": 7, "21": 7, "38": 8, "31": 8, "35": 8, "37": 8, "39": 8, "60": 8, "34": 8, "61": 8, "68": 8, "36": 8, "67": 8, "41": 8, "59": 5, "64": 5, "66": 5, "63": 5, "56": 5, "57": 5, "62": 5, "58": 5, "65": 5, "25": 9, "26": 9, "23": 9, "20": 9, "18": 9, "15": 9, "24": 6, "27": 6, "30": 6, "28": 6, "29": 6, "33": 4, "22": 4, "7": 4, "8": 4, "32": 4}, "id": "darylassignment453", "idColumn": {"name": "Area Number", "key": "area_num_1"}, "placeId": "chicago_communities", "problem": {"type": "multimember", "numberOfParts": 50, "name": "City Council", "pluralNoun": "City Council Seats"}}