{"assignment": {"71": 0, "70": 3, "74": 0, "66": 3, "73": 0, "75": 0, "65": 3, "72": 0, "59": 2, "64": 3, "63": 3, "56": 3, "57": 3, "61": 2, "62": 3, "58": 2, "67": 2, "55": 0, "53": 0, "43": 1, "47": 1, "51": 0, "45": 1, "48": 1, "49": 0, "44": 1, "52": 0, "50": 0, "46": 1, "54": 0, "38": 1, "31": 2, "35": 2, "42": 1, "37": 2, "39": 1, "60": 2, "34": 2, "69": 1, "68": 2, "36": 1, "40": 1, "41": 1, "4": 8, "3": 8, "1": 8, "77": 8, "2": 8, "24": 4, "32": 4, "28": 4, "33": 4, "8": 4, "6": 6, "5": 6, "22": 6, "7": 6, "27": 9, "30": 9, "26": 9, "29": 9, "23": 9, "20": 9, "21": 9, "25": 5, "18": 5, "19": 7, "15": 7, "13": 7, "14": 7, "11": 5, "10": 5, "12": 5, "16": 7, "17": 5, "76": 5, "9": 5}, "id": "darylassignment226", "idColumn": {"name": "Area Number", "key": "area_num_1"}, "placeId": "chicago_communities", "problem": {"type": "multimember", "numberOfParts": 50, "name": "City Council", "pluralNoun": "City Council Seats"}}