{"assignment": {"4": 0, "77": 0, "3": 0, "14": 0, "1": 0, "76": 1, "2": 1, "11": 1, "15": 1, "10": 1, "9": 1, "12": 1, "13": 1, "5": 2, "6": 2, "16": 2, "21": 2, "7": 2, "30": 3, "57": 3, "70": 3, "62": 3, "64": 3, "65": 3, "29": 3, "56": 3, "19": 4, "17": 4, "18": 4, "25": 4, "20": 4, "67": 5, "61": 5, "59": 5, "63": 5, "68": 5, "58": 5, "60": 5, "31": 5, "71": 6, "66": 6, "75": 6, "74": 6, "49": 6, "53": 6, "72": 6, "73": 6, "51": 7, "43": 7, "40": 7, "44": 7, "52": 7, "50": 7, "42": 7, "69": 7, "55": 7, "45": 7, "46": 7, "54": 7, "48": 7, "47": 7, "8": 8, "22": 8, "32": 8, "24": 8, "35": 9, "36": 9, "38": 9, "33": 9, "34": 9, "39": 9, "37": 9, "41": 9, "23": 9, "26": 9, "27": 9, "28": 9}, "id": "darylassignment2", "idColumn": {"name": "Area Number", "key": "area_num_1"}, "placeId": "chicago_communities", "problem": {"type": "multimember", "numberOfParts": 50, "name": "City Council", "pluralNoun": "City Council Seats"}}