{"assignment": {"9": 3, "10": 3, "76": 3, "19": 3, "15": 6, "20": 3, "11": 6, "77": 0, "1": 0, "14": 6, "2": 0, "12": 6, "13": 6, "75": 1, "49": 1, "51": 1, "74": 1, "53": 1, "50": 1, "70": 5, "54": 1, "72": 5, "47": 1, "73": 5, "48": 1, "55": 1, "16": 6, "4": 0, "6": 7, "5": 7, "3": 0, "23": 3, "17": 3, "25": 8, "26": 8, "29": 8, "18": 8, "21": 6, "7": 7, "24": 8, "27": 8, "22": 7, "37": 2, "52": 1, "43": 1, "44": 5, "41": 5, "40": 5, "69": 5, "68": 2, "42": 5, "45": 5, "46": 1, "67": 2, "56": 4, "63": 2, "64": 4, "66": 4, "65": 4, "71": 5, "32": 9, "31": 2, "30": 4, "28": 9, "8": 9, "35": 9, "36": 9, "38": 9, "33": 9, "34": 9, "39": 9, "60": 2, "61": 2, "57": 4, "58": 2, "59": 2, "62": 4}, "id": "darylassignment1046", "idColumn": {"name": "Area Number", "key": "area_num_1"}, "placeId": "chicago_communities", "problem": {"type": "multimember", "numberOfParts": 50, "name": "City Council", "pluralNoun": "City Council Seats"}}