{"assignment": {"71": 0, "70": 2, "74": 0, "66": 2, "73": 0, "75": 0, "65": 2, "72": 0, "59": 6, "64": 2, "63": 6, "56": 2, "57": 2, "61": 6, "62": 2, "58": 2, "67": 6, "55": 1, "53": 0, "43": 1, "47": 0, "51": 0, "45": 1, "48": 1, "49": 0, "44": 0, "52": 1, "50": 0, "46": 1, "54": 0, "38": 6, "31": 6, "35": 6, "42": 1, "37": 6, "39": 6, "60": 6, "34": 6, "69": 1, "68": 1, "36": 6, "40": 1, "41": 1, "4": 8, "3": 8, "1": 8, "77": 8, "2": 8, "24": 3, "32": 3, "28": 3, "33": 3, "8": 3, "6": 4, "5": 4, "22": 4, "7": 4, "27": 5, "30": 5, "26": 5, "29": 5, "23": 5, "20": 5, "21": 5, "25": 9, "18": 9, "19": 7, "15": 7, "13": 9, "14": 7, "11": 7, "10": 9, "12": 9, "16": 7, "17": 9, "76": 9, "9": 9}, "id": "darylassignment404", "idColumn": {"name": "Area Number", "key": "area_num_1"}, "placeId": "chicago_communities", "problem": {"type": "multimember", "numberOfParts": 50, "name": "City Council", "pluralNoun": "City Council Seats"}}