{"assignment": {"71": 9, "70": 3, "74": 1, "66": 3, "73": 1, "75": 1, "65": 3, "72": 1, "59": 7, "64": 3, "63": 3, "56": 3, "57": 7, "61": 7, "62": 7, "58": 7, "67": 3, "55": 1, "53": 1, "43": 9, "47": 1, "51": 1, "45": 9, "48": 1, "49": 1, "44": 9, "52": 1, "50": 1, "46": 1, "54": 1, "38": 7, "31": 7, "35": 7, "42": 9, "37": 7, "39": 9, "60": 7, "34": 7, "69": 9, "68": 9, "36": 7, "40": 7, "41": 9, "4": 5, "3": 5, "1": 5, "77": 5, "2": 5, "24": 8, "32": 8, "28": 8, "33": 8, "8": 8, "6": 2, "5": 2, "22": 2, "7": 2, "27": 6, "30": 6, "26": 6, "29": 6, "23": 6, "20": 6, "21": 6, "25": 4, "18": 4, "19": 0, "15": 0, "13": 0, "14": 0, "11": 4, "10": 4, "12": 4, "16": 0, "17": 4, "76": 4, "9": 4}, "id": "darylassignment303", "idColumn": {"name": "Area Number", "key": "area_num_1"}, "placeId": "chicago_communities", "problem": {"type": "multimember", "numberOfParts": 50, "name": "City Council", "pluralNoun": "City Council Seats"}}