{"assignment": {"71": 0, "70": 2, "74": 0, "66": 2, "73": 1, "75": 0, "65": 2, "72": 0, "59": 6, "64": 2, "63": 6, "56": 2, "57": 2, "61": 6, "62": 2, "58": 2, "67": 6, "55": 1, "53": 0, "43": 1, "47": 1, "51": 1, "45": 1, "48": 1, "49": 1, "44": 1, "52": 1, "50": 1, "46": 1, "54": 1, "38": 6, "31": 6, "35": 6, "42": 0, "37": 6, "39": 6, "60": 6, "34": 6, "69": 0, "68": 0, "36": 6, "40": 0, "41": 0, "4": 8, "3": 8, "1": 8, "77": 8, "2": 8, "24": 3, "32": 3, "28": 3, "33": 3, "8": 3, "6": 4, "5": 4, "22": 4, "7": 4, "27": 5, "30": 5, "26": 5, "29": 5, "23": 5, "20": 5, "21": 5, "25": 7, "18": 7, "19": 9, "15": 9, "13": 7, "14": 9, "11": 9, "10": 7, "12": 7, "16": 9, "17": 7, "76": 7, "9": 7}, "id": "darylassignment398", "idColumn": {"name": "Area Number", "key": "area_num_1"}, "placeId": "chicago_communities", "problem": {"type": "multimember", "numberOfParts": 50, "name": "City Council", "pluralNoun": "City Council Seats"}}