{"assignment": {"71": 0, "70": 2, "74": 0, "66": 2, "73": 0, "75": 0, "65": 2, "72": 0, "59": 3, "64": 2, "63": 2, "56": 2, "57": 2, "61": 3, "62": 2, "58": 3, "67": 3, "55": 0, "53": 0, "43": 1, "47": 0, "51": 0, "45": 1, "48": 1, "49": 0, "44": 1, "52": 0, "50": 0, "46": 1, "54": 0, "38": 1, "31": 3, "35": 3, "42": 1, "37": 3, "39": 1, "60": 3, "34": 3, "69": 1, "68": 3, "36": 1, "40": 1, "41": 1, "4": 6, "3": 6, "1": 6, "77": 6, "2": 6, "24": 7, "32": 7, "28": 7, "33": 7, "8": 7, "6": 4, "5": 4, "22": 4, "7": 4, "27": 8, "30": 8, "26": 8, "29": 8, "23": 8, "20": 8, "21": 8, "25": 9, "18": 5, "19": 9, "15": 9, "13": 5, "14": 5, "11": 9, "10": 5, "12": 5, "16": 5, "17": 5, "76": 5, "9": 5}, "id": "darylassignment186", "idColumn": {"name": "Area Number", "key": "area_num_1"}, "placeId": "chicago_communities", "problem": {"type": "multimember", "numberOfParts": 50, "name": "City Council", "pluralNoun": "City Council Seats"}}