{"assignment": {"71": 9, "70": 3, "74": 9, "66": 3, "73": 9, "75": 9, "65": 3, "72": 9, "59": 1, "64": 3, "63": 1, "56": 3, "57": 3, "61": 1, "62": 3, "58": 3, "67": 1, "55": 9, "53": 9, "43": 2, "47": 9, "51": 9, "45": 2, "48": 2, "49": 9, "44": 2, "52": 9, "50": 9, "46": 2, "54": 9, "38": 1, "31": 1, "35": 1, "42": 2, "37": 1, "39": 1, "60": 1, "34": 1, "69": 2, "68": 2, "36": 1, "40": 2, "41": 2, "4": 5, "3": 5, "1": 5, "77": 5, "2": 5, "24": 0, "32": 0, "28": 0, "33": 0, "8": 0, "6": 4, "5": 4, "22": 4, "7": 4, "27": 7, "30": 7, "26": 7, "29": 7, "23": 7, "20": 7, "21": 7, "25": 6, "18": 8, "19": 6, "15": 6, "13": 8, "14": 8, "11": 6, "10": 8, "12": 8, "16": 8, "17": 8, "76": 8, "9": 8}, "id": "darylassignment272", "idColumn": {"name": "Area Number", "key": "area_num_1"}, "placeId": "chicago_communities", "problem": {"type": "multimember", "numberOfParts": 50, "name": "City Council", "pluralNoun": "City Council Seats"}}