{"assignment": {"71": 2, "70": 2, "74": 2, "66": 2, "73": 2, "75": 2, "65": 2, "72": 2, "59": 1, "64": 1, "63": 1, "56": 1, "57": 1, "61": 1, "62": 1, "58": 1, "67": 1, "55": 0, "53": 0, "43": 0, "47": 0, "51": 0, "45": 0, "48": 0, "49": 0, "44": 0, "52": 0, "50": 0, "46": 0, "54": 0, "38": 3, "31": 3, "35": 3, "42": 3, "37": 3, "39": 3, "60": 3, "34": 3, "69": 3, "68": 3, "36": 3, "40": 3, "41": 3, "4": 6, "3": 6, "1": 6, "77": 6, "2": 6, "24": 7, "32": 7, "28": 7, "33": 7, "8": 7, "6": 4, "5": 4, "22": 4, "7": 4, "27": 5, "30": 5, "26": 5, "29": 5, "23": 5, "20": 5, "21": 5, "25": 8, "18": 8, "19": 8, "15": 8, "13": 9, "14": 9, "11": 9, "10": 9, "12": 9, "16": 9, "17": 9, "76": 9, "9": 9}, "id": "darylassignment138", "idColumn": {"name": "Area Number", "key": "area_num_1"}, "placeId": "chicago_communities", "problem": {"type": "multimember", "numberOfParts": 50, "name": "City Council", "pluralNoun": "City Council Seats"}}