{"assignment": {"9": 6, "10": 6, "76": 6, "19": 0, "15": 3, "20": 0, "11": 3, "77": 4, "1": 4, "14": 3, "2": 4, "12": 3, "13": 3, "75": 1, "49": 1, "51": 1, "74": 1, "53": 1, "50": 1, "70": 9, "54": 1, "72": 1, "47": 1, "73": 1, "48": 1, "55": 1, "16": 3, "4": 4, "6": 7, "5": 7, "3": 4, "23": 0, "17": 6, "25": 6, "26": 0, "29": 6, "18": 6, "21": 3, "7": 7, "24": 0, "27": 0, "22": 7, "37": 8, "52": 1, "43": 8, "44": 9, "41": 2, "40": 8, "69": 8, "68": 8, "42": 8, "45": 9, "46": 1, "67": 9, "56": 5, "63": 9, "64": 5, "66": 9, "65": 5, "71": 9, "32": 2, "31": 8, "30": 8, "28": 2, "8": 2, "35": 2, "36": 2, "38": 2, "33": 2, "34": 8, "39": 2, "60": 5, "61": 5, "57": 5, "58": 5, "59": 5, "62": 5}, "id": "darylassignment1023", "idColumn": {"name": "Area Number", "key": "area_num_1"}, "placeId": "chicago_communities", "problem": {"type": "multimember", "numberOfParts": 50, "name": "City Council", "pluralNoun": "City Council Seats"}}