{"assignment": {"71": 0, "70": 0, "74": 1, "66": 5, "73": 1, "75": 1, "65": 0, "72": 1, "59": 5, "64": 0, "63": 5, "56": 0, "57": 0, "61": 5, "62": 0, "58": 0, "67": 5, "55": 1, "53": 1, "43": 2, "47": 1, "51": 1, "45": 2, "48": 1, "49": 1, "44": 2, "52": 1, "50": 1, "46": 1, "54": 1, "38": 2, "31": 5, "35": 2, "42": 2, "37": 2, "39": 2, "60": 5, "34": 5, "69": 2, "68": 2, "36": 2, "40": 2, "41": 2, "4": 6, "3": 6, "1": 6, "77": 6, "2": 6, "24": 4, "32": 4, "28": 4, "33": 4, "8": 4, "6": 8, "5": 8, "22": 8, "7": 8, "27": 7, "30": 7, "26": 7, "29": 7, "23": 7, "20": 7, "21": 7, "25": 3, "18": 9, "19": 3, "15": 3, "13": 9, "14": 9, "11": 3, "10": 9, "12": 9, "16": 9, "17": 9, "76": 9, "9": 9}, "id": "darylassignment442", "idColumn": {"name": "Area Number", "key": "area_num_1"}, "placeId": "chicago_communities", "problem": {"type": "multimember", "numberOfParts": 50, "name": "City Council", "pluralNoun": "City Council Seats"}}