{"assignment": {"71": 6, "70": 2, "74": 6, "66": 2, "73": 6, "75": 6, "65": 2, "72": 6, "59": 8, "64": 2, "63": 2, "56": 2, "57": 8, "61": 8, "62": 2, "58": 8, "67": 2, "55": 1, "53": 6, "43": 1, "47": 6, "51": 1, "45": 1, "48": 1, "49": 6, "44": 6, "52": 1, "50": 6, "46": 1, "54": 6, "38": 1, "31": 8, "35": 8, "42": 1, "37": 8, "39": 8, "60": 8, "34": 8, "69": 1, "68": 1, "36": 8, "40": 1, "41": 8, "4": 7, "3": 7, "1": 7, "77": 7, "2": 7, "24": 5, "32": 5, "28": 5, "33": 5, "8": 5, "6": 0, "5": 0, "22": 0, "7": 0, "27": 4, "30": 4, "26": 4, "29": 4, "23": 4, "20": 4, "21": 4, "25": 3, "18": 3, "19": 9, "15": 9, "13": 9, "14": 9, "11": 3, "10": 3, "12": 3, "16": 9, "17": 3, "76": 3, "9": 3}, "id": "darylassignment353", "idColumn": {"name": "Area Number", "key": "area_num_1"}, "placeId": "chicago_communities", "problem": {"type": "multimember", "numberOfParts": 50, "name": "City Council", "pluralNoun": "City Council Seats"}}