{"assignment": {"71": 5, "70": 0, "74": 1, "66": 0, "73": 1, "75": 1, "65": 0, "72": 1, "59": 2, "64": 0, "63": 2, "56": 0, "57": 0, "61": 2, "62": 0, "58": 0, "67": 5, "55": 1, "53": 1, "43": 5, "47": 1, "51": 1, "45": 5, "48": 1, "49": 1, "44": 5, "52": 1, "50": 1, "46": 1, "54": 1, "38": 2, "31": 4, "35": 2, "42": 5, "37": 2, "39": 2, "60": 2, "34": 2, "69": 5, "68": 5, "36": 2, "40": 2, "41": 2, "4": 8, "3": 8, "1": 8, "77": 8, "2": 8, "24": 4, "32": 4, "28": 4, "33": 2, "8": 4, "6": 6, "5": 6, "22": 6, "7": 6, "27": 7, "30": 7, "26": 7, "29": 7, "23": 7, "20": 7, "21": 7, "25": 3, "18": 9, "19": 3, "15": 3, "13": 9, "14": 9, "11": 3, "10": 9, "12": 9, "16": 9, "17": 9, "76": 9, "9": 9}, "id": "darylassignment435", "idColumn": {"name": "Area Number", "key": "area_num_1"}, "placeId": "chicago_communities", "problem": {"type": "multimember", "numberOfParts": 50, "name": "City Council", "pluralNoun": "City Council Seats"}}