{"assignment": {"4": 4, "77": 4, "3": 4, "14": 4, "1": 4, "76": 3, "2": 3, "11": 3, "15": 3, "10": 3, "9": 3, "12": 3, "13": 3, "5": 2, "6": 1, "16": 2, "21": 2, "7": 1, "30": 8, "57": 8, "70": 8, "62": 8, "64": 8, "65": 8, "29": 8, "56": 8, "19": 0, "17": 0, "18": 0, "25": 0, "20": 0, "67": 9, "61": 9, "59": 9, "63": 9, "68": 9, "58": 9, "60": 9, "31": 9, "71": 6, "66": 6, "75": 6, "74": 6, "49": 6, "53": 6, "72": 6, "73": 6, "51": 7, "43": 7, "40": 7, "44": 7, "52": 7, "50": 7, "42": 7, "69": 7, "55": 7, "45": 7, "46": 7, "54": 7, "48": 7, "47": 6, "8": 1, "22": 2, "32": 1, "24": 2, "35": 5, "36": 5, "38": 5, "33": 5, "34": 5, "39": 5, "37": 9, "41": 5, "23": 5, "26": 5, "27": 5, "28": 5}, "id": "darylassignment25", "idColumn": {"name": "Area Number", "key": "area_num_1"}, "placeId": "chicago_communities", "problem": {"type": "multimember", "numberOfParts": 50, "name": "City Council", "pluralNoun": "City Council Seats"}}