{"assignment": {"77": 0, "4": 0, "1": 0, "2": 0, "3": 0, "52": 2, "44": 2, "75": 2, "49": 2, "51": 2, "53": 2, "50": 2, "54": 2, "45": 2, "47": 2, "73": 2, "48": 2, "55": 2, "46": 2, "37": 1, "43": 1, "35": 1, "33": 1, "41": 1, "40": 1, "69": 1, "34": 1, "68": 1, "36": 1, "42": 1, "38": 1, "39": 1, "32": 3, "6": 3, "7": 3, "8": 3, "9": 4, "10": 4, "11": 4, "13": 4, "16": 4, "76": 4, "14": 4, "5": 4, "12": 4, "17": 5, "25": 5, "29": 5, "19": 5, "18": 5, "23": 6, "21": 6, "26": 6, "15": 6, "20": 6, "22": 6, "56": 7, "62": 7, "57": 7, "64": 7, "59": 7, "30": 7, "58": 7, "65": 7, "67": 8, "63": 8, "70": 8, "72": 8, "66": 8, "74": 8, "71": 8, "60": 9, "61": 9, "24": 9, "27": 9, "28": 9, "31": 9}, "id": "darylassignment469", "idColumn": {"name": "Area Number", "key": "area_num_1"}, "placeId": "chicago_communities", "problem": {"type": "multimember", "numberOfParts": 50, "name": "City Council", "pluralNoun": "City Council Seats"}}