{"assignment": {"71": 6, "70": 2, "74": 6, "66": 2, "73": 6, "75": 6, "65": 2, "72": 6, "59": 5, "64": 2, "63": 2, "56": 2, "57": 5, "61": 5, "62": 2, "58": 5, "67": 2, "55": 1, "53": 6, "43": 1, "47": 6, "51": 1, "45": 1, "48": 1, "49": 6, "44": 6, "52": 1, "50": 6, "46": 1, "54": 6, "38": 5, "31": 5, "35": 5, "42": 1, "37": 5, "39": 1, "60": 5, "34": 5, "69": 1, "68": 5, "36": 1, "40": 1, "41": 1, "4": 4, "3": 4, "1": 4, "77": 4, "2": 4, "24": 8, "32": 8, "28": 8, "33": 8, "8": 8, "6": 0, "5": 0, "22": 0, "7": 0, "27": 3, "30": 3, "26": 3, "29": 3, "23": 3, "20": 3, "21": 3, "25": 7, "18": 9, "19": 7, "15": 7, "13": 9, "14": 9, "11": 7, "10": 9, "12": 9, "16": 9, "17": 9, "76": 9, "9": 9}, "id": "darylassignment364", "idColumn": {"name": "Area Number", "key": "area_num_1"}, "placeId": "chicago_communities", "problem": {"type": "multimember", "numberOfParts": 50, "name": "City Council", "pluralNoun": "City Council Seats"}}