{"assignment": {"71": 6, "70": 3, "74": 6, "66": 3, "73": 6, "75": 6, "65": 3, "72": 6, "59": 8, "64": 3, "63": 3, "56": 3, "57": 8, "61": 8, "62": 8, "58": 8, "67": 3, "55": 1, "53": 6, "43": 1, "47": 1, "51": 1, "45": 1, "48": 1, "49": 6, "44": 1, "52": 1, "50": 1, "46": 1, "54": 1, "38": 8, "31": 9, "35": 8, "42": 1, "37": 6, "39": 8, "60": 8, "34": 8, "69": 1, "68": 6, "36": 8, "40": 6, "41": 1, "4": 5, "3": 5, "1": 5, "77": 5, "2": 5, "24": 9, "32": 9, "28": 9, "33": 8, "8": 9, "6": 0, "5": 0, "22": 0, "7": 0, "27": 7, "30": 7, "26": 7, "29": 7, "23": 7, "20": 7, "21": 7, "25": 2, "18": 2, "19": 4, "15": 4, "13": 4, "14": 4, "11": 2, "10": 2, "12": 2, "16": 4, "17": 2, "76": 2, "9": 2}, "id": "darylassignment314", "idColumn": {"name": "Area Number", "key": "area_num_1"}, "placeId": "chicago_communities", "problem": {"type": "multimember", "numberOfParts": 50, "name": "City Council", "pluralNoun": "City Council Seats"}}