{"assignment": {"71": 9, "70": 3, "74": 9, "66": 3, "73": 9, "75": 9, "65": 3, "72": 9, "59": 8, "64": 3, "63": 3, "56": 3, "57": 8, "61": 8, "62": 8, "58": 8, "67": 3, "55": 9, "53": 9, "43": 1, "47": 9, "51": 9, "45": 1, "48": 1, "49": 9, "44": 1, "52": 9, "50": 9, "46": 1, "54": 9, "38": 8, "31": 8, "35": 8, "42": 1, "37": 8, "39": 8, "60": 8, "34": 8, "69": 1, "68": 1, "36": 8, "40": 1, "41": 1, "4": 5, "3": 5, "1": 5, "77": 5, "2": 5, "24": 0, "32": 0, "28": 0, "33": 0, "8": 0, "6": 2, "5": 2, "22": 2, "7": 2, "27": 7, "30": 7, "26": 7, "29": 7, "23": 7, "20": 7, "21": 7, "25": 4, "18": 4, "19": 6, "15": 6, "13": 6, "14": 6, "11": 4, "10": 4, "12": 4, "16": 6, "17": 4, "76": 4, "9": 4}, "id": "darylassignment290", "idColumn": {"name": "Area Number", "key": "area_num_1"}, "placeId": "chicago_communities", "problem": {"type": "multimember", "numberOfParts": 50, "name": "City Council", "pluralNoun": "City Council Seats"}}