{"assignment": {"71": 9, "70": 2, "74": 9, "66": 2, "73": 9, "75": 9, "65": 2, "72": 9, "59": 3, "64": 2, "63": 2, "56": 2, "57": 3, "61": 3, "62": 2, "58": 3, "67": 2, "55": 1, "53": 9, "43": 1, "47": 9, "51": 9, "45": 1, "48": 9, "49": 9, "44": 1, "52": 1, "50": 9, "46": 1, "54": 9, "38": 3, "31": 3, "35": 3, "42": 1, "37": 3, "39": 3, "60": 3, "34": 3, "69": 1, "68": 1, "36": 3, "40": 1, "41": 1, "4": 5, "3": 5, "1": 5, "77": 5, "2": 5, "24": 0, "32": 0, "28": 0, "33": 0, "8": 0, "6": 7, "5": 7, "22": 7, "7": 7, "27": 6, "30": 6, "26": 6, "29": 6, "23": 6, "20": 6, "21": 6, "25": 4, "18": 8, "19": 4, "15": 4, "13": 8, "14": 8, "11": 4, "10": 8, "12": 8, "16": 8, "17": 8, "76": 8, "9": 8}, "id": "darylassignment283", "idColumn": {"name": "Area Number", "key": "area_num_1"}, "placeId": "chicago_communities", "problem": {"type": "multimember", "numberOfParts": 50, "name": "City Council", "pluralNoun": "City Council Seats"}}