{"assignment": {"71": 0, "70": 2, "74": 0, "66": 2, "73": 0, "75": 0, "65": 2, "72": 0, "59": 5, "64": 2, "63": 6, "56": 2, "57": 2, "61": 6, "62": 2, "58": 2, "67": 6, "55": 1, "53": 0, "43": 1, "47": 1, "51": 1, "45": 1, "48": 1, "49": 0, "44": 0, "52": 1, "50": 1, "46": 1, "54": 1, "38": 6, "31": 5, "35": 6, "42": 1, "37": 6, "39": 6, "60": 6, "34": 6, "69": 1, "68": 0, "36": 6, "40": 1, "41": 1, "4": 8, "3": 8, "1": 8, "77": 8, "2": 8, "24": 5, "32": 6, "28": 5, "33": 6, "8": 5, "6": 4, "5": 4, "22": 4, "7": 4, "27": 3, "30": 3, "26": 3, "29": 3, "23": 3, "20": 3, "21": 3, "25": 7, "18": 7, "19": 9, "15": 9, "13": 9, "14": 9, "11": 7, "10": 7, "12": 7, "16": 9, "17": 7, "76": 7, "9": 7}, "id": "darylassignment417", "idColumn": {"name": "Area Number", "key": "area_num_1"}, "placeId": "chicago_communities", "problem": {"type": "multimember", "numberOfParts": 50, "name": "City Council", "pluralNoun": "City Council Seats"}}