{"assignment": {"71": 9, "70": 3, "74": 9, "66": 3, "73": 9, "75": 9, "65": 3, "72": 9, "59": 2, "64": 3, "63": 3, "56": 3, "57": 2, "61": 2, "62": 2, "58": 2, "67": 3, "55": 9, "53": 9, "43": 1, "47": 9, "51": 9, "45": 1, "48": 9, "49": 9, "44": 1, "52": 1, "50": 9, "46": 1, "54": 9, "38": 2, "31": 2, "35": 2, "42": 1, "37": 2, "39": 2, "60": 2, "34": 2, "69": 1, "68": 1, "36": 2, "40": 1, "41": 1, "4": 5, "3": 5, "1": 5, "77": 5, "2": 5, "24": 0, "32": 0, "28": 0, "33": 0, "8": 0, "6": 7, "5": 7, "22": 7, "7": 7, "27": 8, "30": 8, "26": 8, "29": 8, "23": 8, "20": 8, "21": 8, "25": 4, "18": 4, "19": 6, "15": 6, "13": 6, "14": 6, "11": 4, "10": 4, "12": 4, "16": 6, "17": 4, "76": 4, "9": 4}, "id": "darylassignment287", "idColumn": {"name": "Area Number", "key": "area_num_1"}, "placeId": "chicago_communities", "problem": {"type": "multimember", "numberOfParts": 50, "name": "City Council", "pluralNoun": "City Council Seats"}}