{"assignment": {"71": 1, "70": 2, "74": 1, "66": 2, "73": 1, "75": 1, "65": 2, "72": 1, "59": 0, "64": 2, "63": 0, "56": 2, "57": 2, "61": 0, "62": 2, "58": 2, "67": 0, "55": 1, "53": 1, "43": 3, "47": 3, "51": 3, "45": 3, "48": 3, "49": 1, "44": 1, "52": 3, "50": 3, "46": 3, "54": 1, "38": 0, "31": 0, "35": 0, "42": 3, "37": 0, "39": 0, "60": 0, "34": 0, "69": 3, "68": 3, "36": 0, "40": 3, "41": 3, "4": 5, "3": 5, "1": 5, "77": 5, "2": 5, "24": 4, "32": 4, "28": 4, "33": 4, "8": 4, "6": 7, "5": 7, "22": 7, "7": 7, "27": 9, "30": 9, "26": 9, "29": 9, "23": 9, "20": 9, "21": 9, "25": 6, "18": 8, "19": 6, "15": 6, "13": 8, "14": 8, "11": 6, "10": 8, "12": 8, "16": 8, "17": 8, "76": 8, "9": 8}, "id": "darylassignment253", "idColumn": {"name": "Area Number", "key": "area_num_1"}, "placeId": "chicago_communities", "problem": {"type": "multimember", "numberOfParts": 50, "name": "City Council", "pluralNoun": "City Council Seats"}}