{"assignment": {"71": 0, "70": 2, "74": 0, "66": 2, "73": 0, "75": 0, "65": 2, "72": 0, "59": 3, "64": 2, "63": 2, "56": 2, "57": 2, "61": 3, "62": 2, "58": 3, "67": 3, "55": 0, "53": 0, "43": 1, "47": 0, "51": 0, "45": 1, "48": 1, "49": 0, "44": 1, "52": 0, "50": 0, "46": 1, "54": 0, "38": 1, "31": 3, "35": 3, "42": 1, "37": 3, "39": 1, "60": 3, "34": 3, "69": 1, "68": 3, "36": 1, "40": 1, "41": 1, "4": 8, "3": 8, "1": 8, "77": 8, "2": 8, "24": 7, "32": 7, "28": 7, "33": 7, "8": 7, "6": 4, "5": 4, "22": 4, "7": 4, "27": 5, "30": 5, "26": 5, "29": 5, "23": 5, "20": 5, "21": 5, "25": 9, "18": 6, "19": 9, "15": 9, "13": 6, "14": 6, "11": 9, "10": 6, "12": 6, "16": 6, "17": 6, "76": 6, "9": 6}, "id": "darylassignment189", "idColumn": {"name": "Area Number", "key": "area_num_1"}, "placeId": "chicago_communities", "problem": {"type": "multimember", "numberOfParts": 50, "name": "City Council", "pluralNoun": "City Council Seats"}}