{"assignment": {"71": 2, "70": 3, "74": 2, "66": 3, "73": 2, "75": 2, "65": 3, "72": 2, "59": 9, "64": 3, "63": 9, "56": 3, "57": 3, "61": 9, "62": 3, "58": 3, "67": 9, "55": 2, "53": 2, "43": 1, "47": 1, "51": 1, "45": 1, "48": 1, "49": 2, "44": 1, "52": 1, "50": 2, "46": 1, "54": 2, "38": 9, "31": 9, "35": 9, "42": 1, "37": 9, "39": 9, "60": 9, "34": 9, "69": 1, "68": 2, "36": 9, "40": 1, "41": 1, "4": 5, "3": 5, "1": 5, "77": 5, "2": 5, "24": 4, "32": 4, "28": 4, "33": 4, "8": 4, "6": 0, "5": 0, "22": 0, "7": 0, "27": 7, "30": 7, "26": 7, "29": 7, "23": 7, "20": 7, "21": 7, "25": 6, "18": 8, "19": 6, "15": 6, "13": 8, "14": 8, "11": 6, "10": 8, "12": 8, "16": 8, "17": 8, "76": 8, "9": 8}, "id": "darylassignment262", "idColumn": {"name": "Area Number", "key": "area_num_1"}, "placeId": "chicago_communities", "problem": {"type": "multimember", "numberOfParts": 50, "name": "City Council", "pluralNoun": "City Council Seats"}}