{"assignment": {"71": 6, "70": 2, "74": 6, "66": 2, "73": 6, "75": 6, "65": 2, "72": 6, "59": 1, "64": 2, "63": 2, "56": 2, "57": 1, "61": 1, "62": 2, "58": 1, "67": 2, "55": 8, "53": 6, "43": 8, "47": 6, "51": 8, "45": 8, "48": 8, "49": 6, "44": 6, "52": 8, "50": 6, "46": 8, "54": 6, "38": 1, "31": 1, "35": 1, "42": 8, "37": 8, "39": 1, "60": 1, "34": 1, "69": 8, "68": 8, "36": 1, "40": 8, "41": 8, "4": 7, "3": 7, "1": 7, "77": 7, "2": 7, "24": 5, "32": 5, "28": 5, "33": 5, "8": 5, "6": 0, "5": 0, "22": 0, "7": 0, "27": 4, "30": 4, "26": 4, "29": 4, "23": 4, "20": 4, "21": 4, "25": 3, "18": 3, "19": 9, "15": 9, "13": 9, "14": 9, "11": 3, "10": 3, "12": 3, "16": 9, "17": 3, "76": 3, "9": 3}, "id": "darylassignment352", "idColumn": {"name": "Area Number", "key": "area_num_1"}, "placeId": "chicago_communities", "problem": {"type": "multimember", "numberOfParts": 50, "name": "City Council", "pluralNoun": "City Council Seats"}}