{"assignment": {"71": 1, "70": 1, "74": 2, "66": 1, "73": 2, "75": 2, "65": 0, "72": 2, "59": 0, "64": 0, "63": 0, "56": 0, "57": 0, "61": 0, "62": 0, "58": 0, "67": 1, "55": 2, "53": 2, "43": 1, "47": 2, "51": 2, "45": 1, "48": 2, "49": 2, "44": 1, "52": 2, "50": 2, "46": 2, "54": 2, "38": 3, "31": 3, "35": 3, "42": 3, "37": 3, "39": 3, "60": 3, "34": 3, "69": 3, "68": 3, "36": 3, "40": 3, "41": 3, "4": 6, "3": 6, "1": 6, "77": 6, "2": 6, "24": 7, "32": 7, "28": 7, "33": 7, "8": 7, "6": 4, "5": 4, "22": 4, "7": 4, "27": 5, "30": 5, "26": 5, "29": 5, "23": 5, "20": 5, "21": 5, "25": 9, "18": 8, "19": 9, "15": 9, "13": 8, "14": 8, "11": 9, "10": 8, "12": 8, "16": 8, "17": 8, "76": 8, "9": 8}, "id": "darylassignment143", "idColumn": {"name": "Area Number", "key": "area_num_1"}, "placeId": "chicago_communities", "problem": {"type": "multimember", "numberOfParts": 50, "name": "City Council", "pluralNoun": "City Council Seats"}}