{"assignment": {"71": 6, "70": 3, "74": 1, "66": 3, "73": 1, "75": 1, "65": 3, "72": 1, "59": 9, "64": 3, "63": 3, "56": 3, "57": 9, "61": 9, "62": 9, "58": 9, "67": 3, "55": 1, "53": 1, "43": 6, "47": 1, "51": 1, "45": 6, "48": 1, "49": 1, "44": 6, "52": 1, "50": 1, "46": 1, "54": 1, "38": 9, "31": 9, "35": 9, "42": 6, "37": 6, "39": 9, "60": 9, "34": 9, "69": 6, "68": 6, "36": 9, "40": 6, "41": 6, "4": 5, "3": 5, "1": 5, "77": 5, "2": 5, "24": 8, "32": 8, "28": 8, "33": 8, "8": 8, "6": 0, "5": 0, "22": 0, "7": 0, "27": 7, "30": 7, "26": 7, "29": 7, "23": 7, "20": 7, "21": 7, "25": 4, "18": 4, "19": 2, "15": 2, "13": 2, "14": 2, "11": 4, "10": 4, "12": 4, "16": 2, "17": 4, "76": 4, "9": 4}, "id": "darylassignment308", "idColumn": {"name": "Area Number", "key": "area_num_1"}, "placeId": "chicago_communities", "problem": {"type": "multimember", "numberOfParts": 50, "name": "City Council", "pluralNoun": "City Council Seats"}}