{"assignment": {"4": 1, "1": 1, "14": 1, "77": 1, "2": 1, "11": 0, "12": 0, "17": 0, "10": 0, "76": 0, "19": 0, "13": 0, "9": 0, "74": 3, "73": 3, "54": 2, "49": 2, "71": 3, "70": 3, "75": 2, "72": 3, "53": 2, "55": 2, "42": 3, "43": 2, "47": 2, "51": 2, "45": 3, "48": 2, "44": 3, "69": 3, "52": 2, "50": 2, "46": 2, "40": 3, "16": 7, "6": 7, "5": 7, "3": 7, "21": 7, "38": 6, "31": 6, "35": 6, "37": 6, "39": 6, "60": 6, "34": 6, "61": 6, "68": 6, "36": 6, "67": 6, "41": 6, "59": 5, "64": 5, "66": 5, "63": 5, "56": 5, "57": 5, "62": 5, "58": 5, "65": 5, "25": 9, "26": 9, "23": 9, "20": 9, "18": 9, "15": 9, "24": 4, "27": 4, "30": 4, "28": 4, "29": 4, "33": 8, "22": 8, "7": 8, "8": 8, "32": 8}, "id": "darylassignment458", "idColumn": {"name": "Area Number", "key": "area_num_1"}, "placeId": "chicago_communities", "problem": {"type": "multimember", "numberOfParts": 50, "name": "City Council", "pluralNoun": "City Council Seats"}}