{"assignment": {"71": 2, "70": 2, "74": 2, "66": 2, "73": 2, "75": 2, "65": 2, "72": 2, "59": 0, "64": 0, "63": 0, "56": 0, "57": 0, "61": 0, "62": 0, "58": 0, "67": 0, "55": 1, "53": 1, "43": 1, "47": 1, "51": 1, "45": 1, "48": 1, "49": 1, "44": 1, "52": 1, "50": 1, "46": 1, "54": 1, "38": 3, "31": 3, "35": 3, "42": 3, "37": 3, "39": 3, "60": 3, "34": 3, "69": 3, "68": 3, "36": 3, "40": 3, "41": 3, "4": 4, "3": 4, "1": 4, "77": 4, "2": 4, "24": 7, "32": 7, "28": 7, "33": 7, "8": 7, "6": 6, "5": 6, "22": 6, "7": 6, "27": 8, "30": 8, "26": 8, "29": 8, "23": 8, "20": 8, "21": 8, "25": 9, "18": 9, "19": 5, "15": 5, "13": 9, "14": 5, "11": 5, "10": 9, "12": 9, "16": 5, "17": 9, "76": 9, "9": 9}, "id": "darylassignment156", "idColumn": {"name": "Area Number", "key": "area_num_1"}, "placeId": "chicago_communities", "problem": {"type": "multimember", "numberOfParts": 50, "name": "City Council", "pluralNoun": "City Council Seats"}}