{"assignment": {"71": 1, "70": 1, "74": 1, "66": 1, "73": 1, "75": 1, "65": 1, "72": 1, "59": 0, "64": 0, "63": 0, "56": 0, "57": 0, "61": 0, "62": 0, "58": 0, "67": 0, "55": 2, "53": 2, "43": 2, "47": 2, "51": 2, "45": 2, "48": 2, "49": 2, "44": 2, "52": 2, "50": 2, "46": 2, "54": 2, "38": 3, "31": 3, "35": 3, "42": 3, "37": 3, "39": 3, "60": 3, "34": 3, "69": 3, "68": 3, "36": 3, "40": 3, "41": 3, "4": 4, "3": 4, "1": 4, "77": 4, "2": 4, "24": 7, "32": 7, "28": 7, "33": 7, "8": 7, "6": 6, "5": 6, "22": 6, "7": 6, "27": 5, "30": 5, "26": 5, "29": 5, "23": 5, "20": 5, "21": 5, "25": 9, "18": 9, "19": 8, "15": 8, "13": 9, "14": 8, "11": 8, "10": 9, "12": 9, "16": 8, "17": 9, "76": 9, "9": 9}, "id": "darylassignment153", "idColumn": {"name": "Area Number", "key": "area_num_1"}, "placeId": "chicago_communities", "problem": {"type": "multimember", "numberOfParts": 50, "name": "City Council", "pluralNoun": "City Council Seats"}}