{"assignment": {"4": 5, "77": 5, "3": 5, "14": 2, "1": 5, "76": 7, "2": 5, "11": 2, "15": 2, "10": 2, "9": 2, "12": 2, "13": 2, "5": 9, "6": 9, "16": 9, "21": 9, "7": 9, "30": 3, "57": 8, "70": 8, "62": 8, "64": 8, "65": 8, "29": 3, "56": 8, "19": 7, "17": 7, "18": 7, "25": 7, "20": 2, "67": 1, "61": 1, "59": 1, "63": 1, "68": 1, "58": 1, "60": 1, "31": 1, "71": 6, "66": 6, "75": 8, "74": 8, "49": 6, "53": 6, "72": 8, "73": 8, "51": 6, "43": 0, "40": 0, "44": 6, "52": 6, "50": 6, "42": 0, "69": 0, "55": 6, "45": 0, "46": 0, "54": 6, "48": 0, "47": 6, "8": 4, "22": 3, "32": 4, "24": 4, "35": 0, "36": 0, "38": 0, "33": 4, "34": 0, "39": 0, "37": 1, "41": 0, "23": 3, "26": 7, "27": 3, "28": 4}, "id": "darylassignment133", "idColumn": {"name": "Area Number", "key": "area_num_1"}, "placeId": "chicago_communities", "problem": {"type": "multimember", "numberOfParts": 50, "name": "City Council", "pluralNoun": "City Council Seats"}}