{"assignment": {"77": 0, "4": 0, "1": 0, "2": 0, "3": 0, "52": 2, "44": 2, "75": 2, "49": 2, "51": 2, "53": 2, "50": 2, "54": 2, "45": 2, "47": 2, "73": 2, "48": 2, "55": 2, "46": 2, "37": 1, "43": 1, "35": 1, "33": 1, "41": 1, "40": 1, "69": 1, "34": 1, "68": 1, "36": 1, "42": 1, "38": 1, "39": 1, "32": 8, "6": 8, "7": 8, "8": 8, "9": 4, "10": 4, "11": 4, "13": 4, "16": 4, "76": 4, "14": 4, "5": 4, "12": 4, "17": 6, "25": 5, "29": 5, "19": 6, "18": 6, "23": 5, "21": 6, "26": 5, "15": 6, "20": 6, "22": 5, "56": 7, "62": 7, "57": 7, "64": 7, "59": 7, "30": 7, "58": 7, "65": 7, "67": 9, "63": 9, "70": 9, "72": 9, "66": 9, "74": 9, "71": 9, "60": 3, "61": 3, "24": 3, "27": 3, "28": 3, "31": 3}, "id": "darylassignment473", "idColumn": {"name": "Area Number", "key": "area_num_1"}, "placeId": "chicago_communities", "problem": {"type": "multimember", "numberOfParts": 50, "name": "City Council", "pluralNoun": "City Council Seats"}}