{"assignment": {"9": 3, "10": 3, "76": 6, "19": 6, "15": 6, "20": 6, "11": 3, "77": 7, "1": 7, "14": 3, "2": 7, "12": 3, "13": 3, "75": 5, "49": 5, "51": 5, "74": 5, "53": 5, "50": 5, "70": 9, "54": 5, "72": 5, "47": 5, "73": 5, "48": 4, "55": 5, "16": 3, "4": 7, "6": 0, "5": 0, "3": 7, "23": 6, "17": 6, "25": 8, "26": 8, "29": 8, "18": 8, "21": 3, "7": 0, "24": 8, "27": 8, "22": 0, "37": 1, "52": 5, "43": 4, "44": 5, "41": 4, "40": 4, "69": 4, "68": 4, "42": 4, "45": 4, "46": 4, "67": 9, "56": 9, "63": 9, "64": 9, "66": 9, "65": 9, "71": 4, "32": 1, "31": 2, "30": 2, "28": 1, "8": 1, "35": 1, "36": 1, "38": 1, "33": 1, "34": 1, "39": 1, "60": 2, "61": 2, "57": 2, "58": 2, "59": 2, "62": 2}, "id": "darylassignment1067", "idColumn": {"name": "Area Number", "key": "area_num_1"}, "placeId": "chicago_communities", "problem": {"type": "multimember", "numberOfParts": 50, "name": "City Council", "pluralNoun": "City Council Seats"}}