{"assignment": {"71": 8, "70": 2, "74": 8, "66": 2, "73": 8, "75": 8, "65": 2, "72": 8, "59": 1, "64": 2, "63": 2, "56": 2, "57": 1, "61": 1, "62": 2, "58": 1, "67": 2, "55": 6, "53": 8, "43": 6, "47": 8, "51": 6, "45": 6, "48": 6, "49": 8, "44": 8, "52": 6, "50": 8, "46": 6, "54": 8, "38": 1, "31": 1, "35": 1, "42": 6, "37": 6, "39": 1, "60": 1, "34": 1, "69": 6, "68": 6, "36": 1, "40": 6, "41": 6, "4": 7, "3": 7, "1": 7, "77": 7, "2": 7, "24": 5, "32": 5, "28": 5, "33": 5, "8": 5, "6": 0, "5": 0, "22": 0, "7": 0, "27": 4, "30": 4, "26": 4, "29": 4, "23": 4, "20": 4, "21": 4, "25": 3, "18": 3, "19": 9, "15": 9, "13": 9, "14": 9, "11": 3, "10": 3, "12": 3, "16": 9, "17": 3, "76": 3, "9": 3}, "id": "darylassignment351", "idColumn": {"name": "Area Number", "key": "area_num_1"}, "placeId": "chicago_communities", "problem": {"type": "multimember", "numberOfParts": 50, "name": "City Council", "pluralNoun": "City Council Seats"}}