{"assignment": {"71": 6, "70": 2, "74": 1, "66": 2, "73": 1, "75": 1, "65": 2, "72": 1, "59": 3, "64": 2, "63": 2, "56": 2, "57": 3, "61": 3, "62": 2, "58": 3, "67": 2, "55": 1, "53": 1, "43": 6, "47": 6, "51": 1, "45": 6, "48": 6, "49": 1, "44": 6, "52": 1, "50": 1, "46": 1, "54": 1, "38": 3, "31": 3, "35": 3, "42": 6, "37": 3, "39": 3, "60": 3, "34": 3, "69": 6, "68": 6, "36": 3, "40": 6, "41": 6, "4": 5, "3": 5, "1": 5, "77": 5, "2": 5, "24": 8, "32": 8, "28": 8, "33": 8, "8": 8, "6": 0, "5": 0, "22": 0, "7": 0, "27": 9, "30": 9, "26": 9, "29": 9, "23": 9, "20": 9, "21": 9, "25": 4, "18": 4, "19": 7, "15": 7, "13": 7, "14": 7, "11": 4, "10": 4, "12": 4, "16": 7, "17": 4, "76": 4, "9": 4}, "id": "darylassignment332", "idColumn": {"name": "Area Number", "key": "area_num_1"}, "placeId": "chicago_communities", "problem": {"type": "multimember", "numberOfParts": 50, "name": "City Council", "pluralNoun": "City Council Seats"}}