{"assignment": {"4": 4, "77": 4, "3": 4, "14": 4, "1": 4, "76": 3, "2": 3, "11": 3, "15": 3, "10": 3, "9": 3, "12": 3, "13": 3, "5": 2, "6": 0, "16": 2, "21": 2, "7": 0, "30": 9, "57": 9, "70": 9, "62": 9, "64": 9, "65": 9, "29": 9, "56": 9, "19": 5, "17": 5, "18": 5, "25": 5, "20": 5, "67": 8, "61": 8, "59": 8, "63": 8, "68": 8, "58": 8, "60": 8, "31": 8, "71": 6, "66": 6, "75": 6, "74": 6, "49": 6, "53": 6, "72": 6, "73": 6, "51": 7, "43": 7, "40": 7, "44": 7, "52": 7, "50": 7, "42": 7, "69": 7, "55": 7, "45": 7, "46": 7, "54": 7, "48": 7, "47": 7, "8": 0, "22": 2, "32": 0, "24": 2, "35": 1, "36": 1, "38": 1, "33": 1, "34": 1, "39": 1, "37": 8, "41": 1, "23": 1, "26": 1, "27": 1, "28": 1}, "id": "darylassignment46", "idColumn": {"name": "Area Number", "key": "area_num_1"}, "placeId": "chicago_communities", "problem": {"type": "multimember", "numberOfParts": 50, "name": "City Council", "pluralNoun": "City Council Seats"}}