{"assignment": {"71": 2, "70": 1, "74": 1, "66": 2, "73": 1, "75": 1, "65": 2, "72": 1, "59": 0, "64": 2, "63": 2, "56": 0, "57": 0, "61": 2, "62": 0, "58": 0, "67": 2, "55": 3, "53": 1, "43": 3, "47": 1, "51": 3, "45": 3, "48": 1, "49": 1, "44": 1, "52": 3, "50": 1, "46": 3, "54": 1, "38": 0, "31": 0, "35": 0, "42": 3, "37": 3, "39": 0, "60": 0, "34": 0, "69": 3, "68": 3, "36": 0, "40": 3, "41": 3, "4": 8, "3": 8, "1": 8, "77": 8, "2": 8, "24": 4, "32": 4, "28": 4, "33": 4, "8": 4, "6": 7, "5": 7, "22": 7, "7": 7, "27": 9, "30": 9, "26": 9, "29": 9, "23": 9, "20": 9, "21": 9, "25": 5, "18": 5, "19": 6, "15": 6, "13": 6, "14": 6, "11": 5, "10": 5, "12": 5, "16": 6, "17": 5, "76": 5, "9": 5}, "id": "darylassignment238", "idColumn": {"name": "Area Number", "key": "area_num_1"}, "placeId": "chicago_communities", "problem": {"type": "multimember", "numberOfParts": 50, "name": "City Council", "pluralNoun": "City Council Seats"}}