{"assignment": {"4": 9, "77": 9, "3": 9, "14": 9, "1": 9, "76": 4, "2": 2, "11": 2, "15": 2, "10": 2, "9": 2, "12": 2, "13": 2, "5": 5, "6": 3, "16": 5, "21": 5, "7": 3, "30": 1, "57": 0, "70": 0, "62": 0, "64": 0, "65": 0, "29": 1, "56": 0, "19": 4, "17": 4, "18": 4, "25": 4, "20": 2, "67": 7, "61": 7, "59": 7, "63": 7, "68": 8, "58": 7, "60": 7, "31": 1, "71": 0, "66": 0, "75": 6, "74": 6, "49": 6, "53": 6, "72": 6, "73": 6, "51": 6, "43": 8, "40": 8, "44": 6, "52": 6, "50": 6, "42": 8, "69": 8, "55": 6, "45": 8, "46": 8, "54": 6, "48": 8, "47": 6, "8": 3, "22": 5, "32": 3, "24": 5, "35": 7, "36": 8, "38": 8, "33": 7, "34": 7, "39": 8, "37": 8, "41": 8, "23": 1, "26": 4, "27": 1, "28": 1}, "id": "darylassignment121", "idColumn": {"name": "Area Number", "key": "area_num_1"}, "placeId": "chicago_communities", "problem": {"type": "multimember", "numberOfParts": 50, "name": "City Council", "pluralNoun": "City Council Seats"}}