{"assignment": {"71": 1, "70": 5, "74": 1, "66": 5, "73": 1, "75": 1, "65": 5, "72": 1, "59": 2, "64": 5, "63": 5, "56": 5, "57": 5, "61": 2, "62": 5, "58": 2, "67": 2, "55": 0, "53": 1, "43": 0, "47": 1, "51": 0, "45": 1, "48": 1, "49": 1, "44": 1, "52": 0, "50": 0, "46": 0, "54": 0, "38": 0, "31": 2, "35": 2, "42": 0, "37": 2, "39": 0, "60": 2, "34": 2, "69": 0, "68": 2, "36": 0, "40": 0, "41": 0, "4": 8, "3": 8, "1": 8, "77": 8, "2": 8, "24": 7, "32": 7, "28": 7, "33": 7, "8": 7, "6": 4, "5": 4, "22": 4, "7": 4, "27": 3, "30": 3, "26": 3, "29": 3, "23": 3, "20": 3, "21": 3, "25": 9, "18": 6, "19": 9, "15": 9, "13": 6, "14": 6, "11": 9, "10": 6, "12": 6, "16": 6, "17": 6, "76": 6, "9": 6}, "id": "darylassignment206", "idColumn": {"name": "Area Number", "key": "area_num_1"}, "placeId": "chicago_communities", "problem": {"type": "multimember", "numberOfParts": 50, "name": "City Council", "pluralNoun": "City Council Seats"}}