{"assignment": {"4": 0, "1": 0, "14": 0, "77": 0, "2": 0, "11": 1, "12": 1, "17": 1, "10": 1, "76": 1, "19": 1, "13": 1, "9": 1, "74": 2, "73": 2, "54": 3, "49": 3, "71": 2, "70": 2, "75": 2, "72": 2, "53": 3, "55": 3, "42": 2, "43": 3, "47": 3, "51": 3, "45": 3, "48": 3, "44": 3, "69": 2, "52": 3, "50": 3, "46": 3, "40": 6, "16": 7, "6": 7, "5": 7, "3": 7, "21": 7, "38": 6, "31": 6, "35": 6, "37": 6, "39": 6, "60": 6, "34": 6, "61": 6, "68": 6, "36": 6, "67": 6, "41": 2, "59": 6, "64": 5, "66": 5, "63": 5, "56": 5, "57": 5, "62": 5, "58": 5, "65": 5, "25": 4, "26": 4, "23": 9, "20": 9, "18": 4, "15": 9, "24": 9, "27": 4, "30": 4, "28": 9, "29": 4, "33": 8, "22": 8, "7": 8, "8": 8, "32": 8}, "id": "darylassignment464", "idColumn": {"name": "Area Number", "key": "area_num_1"}, "placeId": "chicago_communities", "problem": {"type": "multimember", "numberOfParts": 50, "name": "City Council", "pluralNoun": "City Council Seats"}}