{"assignment": {"9": 3, "10": 3, "76": 3, "19": 3, "15": 0, "20": 3, "11": 0, "77": 6, "1": 6, "14": 0, "2": 6, "12": 0, "13": 0, "75": 1, "49": 1, "51": 1, "74": 1, "53": 1, "50": 1, "70": 5, "54": 1, "72": 5, "47": 1, "73": 5, "48": 1, "55": 1, "16": 0, "4": 6, "6": 7, "5": 7, "3": 6, "23": 3, "17": 3, "25": 4, "26": 4, "29": 4, "18": 4, "21": 0, "7": 7, "24": 4, "27": 4, "22": 7, "37": 9, "52": 1, "43": 1, "44": 5, "41": 5, "40": 5, "69": 5, "68": 9, "42": 5, "45": 5, "46": 1, "67": 9, "56": 8, "63": 9, "64": 8, "66": 8, "65": 8, "71": 5, "32": 2, "31": 2, "30": 8, "28": 2, "8": 2, "35": 2, "36": 2, "38": 9, "33": 2, "34": 2, "39": 2, "60": 9, "61": 9, "57": 8, "58": 9, "59": 9, "62": 8}, "id": "darylassignment1041", "idColumn": {"name": "Area Number", "key": "area_num_1"}, "placeId": "chicago_communities", "problem": {"type": "multimember", "numberOfParts": 50, "name": "City Council", "pluralNoun": "City Council Seats"}}