{"assignment": {"9": 3, "10": 3, "76": 6, "19": 8, "15": 6, "20": 8, "11": 3, "77": 7, "1": 7, "14": 3, "2": 7, "12": 3, "13": 3, "75": 4, "49": 4, "51": 5, "74": 4, "53": 4, "50": 5, "70": 1, "54": 4, "72": 4, "47": 5, "73": 4, "48": 5, "55": 4, "16": 3, "4": 7, "6": 0, "5": 0, "3": 7, "23": 8, "17": 6, "25": 6, "26": 8, "29": 6, "18": 6, "21": 3, "7": 0, "24": 8, "27": 8, "22": 0, "37": 9, "52": 5, "43": 5, "44": 5, "41": 5, "40": 5, "69": 5, "68": 4, "42": 5, "45": 5, "46": 5, "67": 1, "56": 2, "63": 1, "64": 2, "66": 1, "65": 2, "71": 4, "32": 9, "31": 2, "30": 2, "28": 9, "8": 9, "35": 9, "36": 9, "38": 9, "33": 9, "34": 9, "39": 9, "60": 1, "61": 1, "57": 2, "58": 2, "59": 2, "62": 1}, "id": "darylassignment1060", "idColumn": {"name": "Area Number", "key": "area_num_1"}, "placeId": "chicago_communities", "problem": {"type": "multimember", "numberOfParts": 50, "name": "City Council", "pluralNoun": "City Council Seats"}}