{"assignment": {"9": 8, "10": 8, "76": 8, "19": 8, "15": 6, "20": 8, "11": 6, "77": 7, "1": 7, "14": 6, "2": 7, "12": 6, "13": 6, "75": 1, "49": 1, "51": 1, "74": 1, "53": 1, "50": 1, "70": 5, "54": 1, "72": 5, "47": 1, "73": 5, "48": 1, "55": 1, "16": 6, "4": 7, "6": 0, "5": 0, "3": 7, "23": 8, "17": 8, "25": 3, "26": 3, "29": 3, "18": 3, "21": 6, "7": 0, "24": 3, "27": 3, "22": 0, "37": 9, "52": 1, "43": 1, "44": 5, "41": 5, "40": 5, "69": 5, "68": 9, "42": 5, "45": 5, "46": 1, "67": 9, "56": 4, "63": 9, "64": 4, "66": 4, "65": 4, "71": 5, "32": 2, "31": 9, "30": 4, "28": 2, "8": 2, "35": 2, "36": 2, "38": 2, "33": 2, "34": 2, "39": 2, "60": 9, "61": 9, "57": 4, "58": 9, "59": 9, "62": 4}, "id": "darylassignment1050", "idColumn": {"name": "Area Number", "key": "area_num_1"}, "placeId": "chicago_communities", "problem": {"type": "multimember", "numberOfParts": 50, "name": "City Council", "pluralNoun": "City Council Seats"}}