{"assignment": {"71": 0, "70": 3, "74": 0, "66": 3, "73": 1, "75": 1, "65": 3, "72": 0, "59": 2, "64": 3, "63": 3, "56": 3, "57": 3, "61": 2, "62": 3, "58": 2, "67": 2, "55": 1, "53": 1, "43": 0, "47": 1, "51": 1, "45": 1, "48": 1, "49": 1, "44": 1, "52": 1, "50": 1, "46": 1, "54": 1, "38": 0, "31": 2, "35": 2, "42": 0, "37": 2, "39": 0, "60": 2, "34": 2, "69": 0, "68": 2, "36": 0, "40": 0, "41": 0, "4": 8, "3": 8, "1": 8, "77": 8, "2": 8, "24": 4, "32": 4, "28": 4, "33": 4, "8": 4, "6": 9, "5": 9, "22": 9, "7": 9, "27": 6, "30": 6, "26": 6, "29": 6, "23": 6, "20": 6, "21": 6, "25": 5, "18": 5, "19": 7, "15": 7, "13": 7, "14": 7, "11": 5, "10": 5, "12": 5, "16": 7, "17": 5, "76": 5, "9": 5}, "id": "darylassignment218", "idColumn": {"name": "Area Number", "key": "area_num_1"}, "placeId": "chicago_communities", "problem": {"type": "multimember", "numberOfParts": 50, "name": "City Council", "pluralNoun": "City Council Seats"}}