{"assignment": {"4": 4, "77": 4, "3": 4, "14": 4, "1": 4, "76": 9, "2": 9, "11": 9, "15": 9, "10": 9, "9": 9, "12": 9, "13": 9, "5": 7, "6": 2, "16": 7, "21": 7, "7": 2, "30": 0, "57": 0, "70": 1, "62": 1, "64": 0, "65": 1, "29": 0, "56": 0, "19": 5, "17": 5, "18": 5, "25": 5, "20": 5, "67": 1, "61": 0, "59": 3, "63": 1, "68": 8, "58": 0, "60": 3, "31": 3, "71": 1, "66": 1, "75": 6, "74": 6, "49": 6, "53": 6, "72": 6, "73": 6, "51": 6, "43": 8, "40": 8, "44": 6, "52": 6, "50": 6, "42": 8, "69": 8, "55": 6, "45": 8, "46": 8, "54": 6, "48": 8, "47": 6, "8": 2, "22": 7, "32": 2, "24": 7, "35": 3, "36": 8, "38": 8, "33": 3, "34": 3, "39": 8, "37": 8, "41": 8, "23": 3, "26": 3, "27": 3, "28": 3}, "id": "darylassignment112", "idColumn": {"name": "Area Number", "key": "area_num_1"}, "placeId": "chicago_communities", "problem": {"type": "multimember", "numberOfParts": 50, "name": "City Council", "pluralNoun": "City Council Seats"}}