{"assignment": {"71": 6, "70": 2, "74": 1, "66": 2, "73": 6, "75": 1, "65": 2, "72": 6, "59": 3, "64": 2, "63": 2, "56": 2, "57": 3, "61": 3, "62": 2, "58": 3, "67": 2, "55": 1, "53": 1, "43": 6, "47": 1, "51": 1, "45": 1, "48": 1, "49": 1, "44": 1, "52": 1, "50": 1, "46": 1, "54": 1, "38": 3, "31": 3, "35": 3, "42": 6, "37": 3, "39": 3, "60": 3, "34": 3, "69": 6, "68": 6, "36": 3, "40": 6, "41": 6, "4": 7, "3": 7, "1": 7, "77": 7, "2": 7, "24": 8, "32": 8, "28": 8, "33": 8, "8": 8, "6": 0, "5": 0, "22": 0, "7": 0, "27": 5, "30": 5, "26": 5, "29": 5, "23": 5, "20": 5, "21": 5, "25": 4, "18": 4, "19": 9, "15": 9, "13": 9, "14": 9, "11": 4, "10": 4, "12": 4, "16": 9, "17": 4, "76": 4, "9": 4}, "id": "darylassignment342", "idColumn": {"name": "Area Number", "key": "area_num_1"}, "placeId": "chicago_communities", "problem": {"type": "multimember", "numberOfParts": 50, "name": "City Council", "pluralNoun": "City Council Seats"}}