{"assignment": {"71": 1, "70": 2, "74": 1, "66": 2, "73": 6, "75": 1, "65": 2, "72": 1, "59": 0, "64": 2, "63": 2, "56": 2, "57": 0, "61": 0, "62": 2, "58": 0, "67": 2, "55": 6, "53": 1, "43": 6, "47": 6, "51": 6, "45": 6, "48": 6, "49": 6, "44": 6, "52": 6, "50": 6, "46": 6, "54": 6, "38": 0, "31": 0, "35": 0, "42": 1, "37": 0, "39": 0, "60": 0, "34": 0, "69": 1, "68": 1, "36": 0, "40": 1, "41": 1, "4": 8, "3": 8, "1": 8, "77": 8, "2": 8, "24": 3, "32": 3, "28": 3, "33": 3, "8": 3, "6": 4, "5": 4, "22": 4, "7": 4, "27": 5, "30": 5, "26": 5, "29": 5, "23": 5, "20": 5, "21": 5, "25": 7, "18": 7, "19": 9, "15": 9, "13": 7, "14": 9, "11": 9, "10": 7, "12": 7, "16": 9, "17": 7, "76": 7, "9": 7}, "id": "darylassignment391", "idColumn": {"name": "Area Number", "key": "area_num_1"}, "placeId": "chicago_communities", "problem": {"type": "multimember", "numberOfParts": 50, "name": "City Council", "pluralNoun": "City Council Seats"}}