{"assignment": {"9": 0, "10": 0, "76": 0, "19": 3, "15": 4, "20": 3, "11": 4, "77": 6, "1": 6, "14": 4, "2": 6, "12": 4, "13": 4, "75": 1, "49": 1, "51": 8, "74": 1, "53": 1, "50": 1, "70": 1, "54": 1, "72": 1, "47": 8, "73": 1, "48": 8, "55": 8, "16": 4, "4": 6, "6": 7, "5": 7, "3": 6, "23": 3, "17": 0, "25": 0, "26": 3, "29": 0, "18": 0, "21": 4, "7": 7, "24": 3, "27": 3, "22": 7, "37": 9, "52": 8, "43": 8, "44": 8, "41": 8, "40": 8, "69": 8, "68": 9, "42": 8, "45": 8, "46": 8, "67": 9, "56": 5, "63": 9, "64": 5, "66": 9, "65": 5, "71": 1, "32": 2, "31": 2, "30": 5, "28": 2, "8": 2, "35": 2, "36": 2, "38": 9, "33": 2, "34": 2, "39": 2, "60": 9, "61": 9, "57": 5, "58": 5, "59": 5, "62": 5}, "id": "darylassignment1033", "idColumn": {"name": "Area Number", "key": "area_num_1"}, "placeId": "chicago_communities", "problem": {"type": "multimember", "numberOfParts": 50, "name": "City Council", "pluralNoun": "City Council Seats"}}