{"assignment": {"77": 0, "4": 0, "1": 0, "2": 0, "3": 0, "52": 1, "44": 1, "75": 1, "49": 1, "51": 1, "53": 1, "50": 1, "54": 1, "45": 1, "47": 1, "73": 1, "48": 1, "55": 1, "46": 1, "37": 2, "43": 2, "35": 2, "33": 2, "41": 2, "40": 2, "69": 2, "34": 2, "68": 2, "36": 2, "42": 2, "38": 2, "39": 2, "32": 3, "6": 3, "7": 3, "8": 3, "9": 4, "10": 4, "11": 4, "13": 4, "16": 4, "76": 4, "14": 4, "5": 4, "12": 4, "17": 5, "25": 5, "29": 5, "19": 5, "18": 5, "23": 6, "21": 6, "26": 6, "15": 6, "20": 6, "22": 6, "56": 7, "62": 7, "57": 7, "64": 7, "59": 7, "30": 7, "58": 7, "65": 7, "67": 8, "63": 8, "70": 8, "72": 8, "66": 8, "74": 8, "71": 8, "60": 9, "61": 9, "24": 9, "27": 9, "28": 9, "31": 9}, "id": "darylassignment468", "idColumn": {"name": "Area Number", "key": "area_num_1"}, "placeId": "chicago_communities", "problem": {"type": "multimember", "numberOfParts": 50, "name": "City Council", "pluralNoun": "City Council Seats"}}