{"assignment": {"71": 9, "70": 3, "74": 1, "66": 3, "73": 1, "75": 1, "65": 3, "72": 1, "59": 8, "64": 3, "63": 3, "56": 3, "57": 8, "61": 8, "62": 8, "58": 8, "67": 3, "55": 1, "53": 1, "43": 9, "47": 1, "51": 1, "45": 9, "48": 1, "49": 1, "44": 9, "52": 1, "50": 1, "46": 1, "54": 1, "38": 7, "31": 8, "35": 7, "42": 9, "37": 8, "39": 9, "60": 8, "34": 7, "69": 9, "68": 9, "36": 7, "40": 9, "41": 9, "4": 5, "3": 5, "1": 5, "77": 5, "2": 5, "24": 7, "32": 7, "28": 8, "33": 7, "8": 7, "6": 2, "5": 2, "22": 2, "7": 2, "27": 0, "30": 0, "26": 0, "29": 0, "23": 0, "20": 0, "21": 0, "25": 4, "18": 4, "19": 6, "15": 6, "13": 6, "14": 6, "11": 4, "10": 4, "12": 4, "16": 6, "17": 4, "76": 4, "9": 4}, "id": "darylassignment298", "idColumn": {"name": "Area Number", "key": "area_num_1"}, "placeId": "chicago_communities", "problem": {"type": "multimember", "numberOfParts": 50, "name": "City Council", "pluralNoun": "City Council Seats"}}