{"assignment": {"71": 1, "70": 2, "74": 1, "66": 2, "73": 1, "75": 1, "65": 2, "72": 1, "59": 5, "64": 2, "63": 2, "56": 2, "57": 5, "61": 5, "62": 2, "58": 5, "67": 2, "55": 6, "53": 1, "43": 6, "47": 1, "51": 6, "45": 6, "48": 6, "49": 1, "44": 1, "52": 6, "50": 1, "46": 6, "54": 1, "38": 5, "31": 5, "35": 5, "42": 6, "37": 5, "39": 6, "60": 5, "34": 5, "69": 6, "68": 5, "36": 6, "40": 6, "41": 6, "4": 4, "3": 4, "1": 4, "77": 4, "2": 4, "24": 8, "32": 8, "28": 8, "33": 8, "8": 8, "6": 0, "5": 0, "22": 0, "7": 0, "27": 7, "30": 7, "26": 7, "29": 7, "23": 7, "20": 7, "21": 7, "25": 3, "18": 9, "19": 3, "15": 3, "13": 9, "14": 9, "11": 3, "10": 9, "12": 9, "16": 9, "17": 9, "76": 9, "9": 9}, "id": "darylassignment367", "idColumn": {"name": "Area Number", "key": "area_num_1"}, "placeId": "chicago_communities", "problem": {"type": "multimember", "numberOfParts": 50, "name": "City Council", "pluralNoun": "City Council Seats"}}