{"assignment": {"71": 1, "70": 3, "74": 1, "66": 3, "73": 1, "75": 1, "65": 3, "72": 1, "59": 2, "64": 3, "63": 3, "56": 3, "57": 3, "61": 2, "62": 3, "58": 2, "67": 2, "55": 0, "53": 1, "43": 0, "47": 1, "51": 0, "45": 1, "48": 1, "49": 1, "44": 1, "52": 0, "50": 0, "46": 0, "54": 0, "38": 0, "31": 2, "35": 2, "42": 0, "37": 2, "39": 0, "60": 2, "34": 2, "69": 0, "68": 2, "36": 0, "40": 0, "41": 0, "4": 8, "3": 8, "1": 8, "77": 8, "2": 8, "24": 7, "32": 7, "28": 7, "33": 7, "8": 7, "6": 4, "5": 4, "22": 4, "7": 4, "27": 5, "30": 5, "26": 5, "29": 5, "23": 5, "20": 5, "21": 5, "25": 9, "18": 9, "19": 6, "15": 6, "13": 6, "14": 6, "11": 9, "10": 9, "12": 9, "16": 6, "17": 9, "76": 9, "9": 9}, "id": "darylassignment211", "idColumn": {"name": "Area Number", "key": "area_num_1"}, "placeId": "chicago_communities", "problem": {"type": "multimember", "numberOfParts": 50, "name": "City Council", "pluralNoun": "City Council Seats"}}