{"assignment": {"9": 7, "10": 7, "76": 1, "19": 1, "15": 1, "20": 1, "11": 7, "77": 0, "1": 0, "14": 7, "2": 0, "12": 7, "13": 7, "75": 4, "49": 4, "51": 4, "74": 4, "53": 4, "50": 4, "70": 9, "54": 4, "72": 4, "47": 5, "73": 4, "48": 5, "55": 4, "16": 7, "4": 0, "6": 3, "5": 3, "3": 0, "23": 1, "17": 1, "25": 6, "26": 6, "29": 6, "18": 6, "21": 7, "7": 3, "24": 6, "27": 6, "22": 3, "37": 8, "52": 4, "43": 5, "44": 5, "41": 5, "40": 5, "69": 5, "68": 5, "42": 5, "45": 5, "46": 5, "67": 9, "56": 9, "63": 9, "64": 9, "66": 9, "65": 9, "71": 4, "32": 8, "31": 2, "30": 2, "28": 8, "8": 8, "35": 8, "36": 8, "38": 8, "33": 8, "34": 8, "39": 8, "60": 2, "61": 2, "57": 2, "58": 2, "59": 2, "62": 2}, "id": "darylassignment1075", "idColumn": {"name": "Area Number", "key": "area_num_1"}, "placeId": "chicago_communities", "problem": {"type": "multimember", "numberOfParts": 50, "name": "City Council", "pluralNoun": "City Council Seats"}}