{"assignment": {"71": 6, "70": 2, "74": 6, "66": 2, "73": 6, "75": 6, "65": 2, "72": 6, "59": 5, "64": 2, "63": 2, "56": 2, "57": 5, "61": 5, "62": 2, "58": 5, "67": 2, "55": 1, "53": 6, "43": 1, "47": 6, "51": 1, "45": 1, "48": 1, "49": 6, "44": 6, "52": 1, "50": 6, "46": 1, "54": 6, "38": 1, "31": 5, "35": 5, "42": 1, "37": 5, "39": 5, "60": 5, "34": 5, "69": 1, "68": 1, "36": 5, "40": 1, "41": 5, "4": 7, "3": 7, "1": 7, "77": 7, "2": 7, "24": 8, "32": 8, "28": 8, "33": 8, "8": 8, "6": 0, "5": 0, "22": 0, "7": 0, "27": 4, "30": 4, "26": 4, "29": 4, "23": 4, "20": 4, "21": 4, "25": 9, "18": 9, "19": 3, "15": 3, "13": 3, "14": 3, "11": 9, "10": 9, "12": 9, "16": 3, "17": 9, "76": 9, "9": 9}, "id": "darylassignment356", "idColumn": {"name": "Area Number", "key": "area_num_1"}, "placeId": "chicago_communities", "problem": {"type": "multimember", "numberOfParts": 50, "name": "City Council", "pluralNoun": "City Council Seats"}}