{"assignment": {"4": 4, "77": 4, "3": 4, "14": 4, "1": 4, "76": 9, "2": 9, "11": 9, "15": 9, "10": 9, "9": 9, "12": 9, "13": 9, "5": 7, "6": 3, "16": 7, "21": 7, "7": 3, "30": 1, "57": 0, "70": 0, "62": 0, "64": 0, "65": 0, "29": 1, "56": 0, "19": 2, "17": 2, "18": 2, "25": 2, "20": 2, "67": 1, "61": 1, "59": 5, "63": 1, "68": 8, "58": 1, "60": 5, "31": 5, "71": 0, "66": 0, "75": 6, "74": 6, "49": 6, "53": 6, "72": 6, "73": 6, "51": 6, "43": 8, "40": 8, "44": 6, "52": 6, "50": 6, "42": 8, "69": 8, "55": 6, "45": 8, "46": 8, "54": 6, "48": 8, "47": 6, "8": 3, "22": 7, "32": 3, "24": 7, "35": 5, "36": 8, "38": 8, "33": 5, "34": 5, "39": 8, "37": 8, "41": 8, "23": 5, "26": 2, "27": 5, "28": 5}, "id": "darylassignment116", "idColumn": {"name": "Area Number", "key": "area_num_1"}, "placeId": "chicago_communities", "problem": {"type": "multimember", "numberOfParts": 50, "name": "City Council", "pluralNoun": "City Council Seats"}}