{"assignment": {"71": 0, "70": 0, "74": 0, "66": 0, "73": 0, "75": 0, "65": 0, "72": 0, "59": 1, "64": 1, "63": 1, "56": 1, "57": 1, "61": 1, "62": 1, "58": 1, "67": 1, "55": 2, "53": 2, "43": 2, "47": 2, "51": 2, "45": 2, "48": 2, "49": 2, "44": 2, "52": 2, "50": 2, "46": 2, "54": 2, "38": 3, "31": 3, "35": 3, "42": 3, "37": 3, "39": 3, "60": 3, "34": 3, "69": 3, "68": 3, "36": 3, "40": 3, "41": 3, "4": 4, "3": 4, "1": 4, "77": 4, "2": 4, "24": 7, "32": 7, "28": 7, "33": 7, "8": 7, "6": 6, "5": 6, "22": 6, "7": 6, "27": 5, "30": 5, "26": 5, "29": 5, "23": 5, "20": 5, "21": 5, "25": 8, "18": 8, "19": 8, "15": 8, "13": 9, "14": 9, "11": 9, "10": 9, "12": 9, "16": 9, "17": 9, "76": 9, "9": 9}, "id": "darylassignment135", "idColumn": {"name": "Area Number", "key": "area_num_1"}, "placeId": "chicago_communities", "problem": {"type": "multimember", "numberOfParts": 50, "name": "City Council", "pluralNoun": "City Council Seats"}}