{"assignment": {"71": 1, "70": 2, "74": 1, "66": 2, "73": 1, "75": 1, "65": 2, "72": 1, "59": 5, "64": 2, "63": 2, "56": 2, "57": 5, "61": 5, "62": 2, "58": 5, "67": 2, "55": 6, "53": 1, "43": 6, "47": 1, "51": 6, "45": 6, "48": 6, "49": 1, "44": 1, "52": 6, "50": 1, "46": 6, "54": 1, "38": 5, "31": 5, "35": 5, "42": 6, "37": 5, "39": 5, "60": 5, "34": 5, "69": 6, "68": 6, "36": 5, "40": 6, "41": 6, "4": 4, "3": 4, "1": 4, "77": 4, "2": 4, "24": 3, "32": 3, "28": 3, "33": 3, "8": 3, "6": 8, "5": 8, "22": 8, "7": 8, "27": 0, "30": 0, "26": 0, "29": 0, "23": 0, "20": 0, "21": 0, "25": 9, "18": 7, "19": 9, "15": 9, "13": 7, "14": 7, "11": 9, "10": 7, "12": 7, "16": 7, "17": 7, "76": 7, "9": 7}, "id": "darylassignment382", "idColumn": {"name": "Area Number", "key": "area_num_1"}, "placeId": "chicago_communities", "problem": {"type": "multimember", "numberOfParts": 50, "name": "City Council", "pluralNoun": "City Council Seats"}}