{"assignment": {"71": 3, "70": 1, "74": 2, "66": 1, "73": 2, "75": 2, "65": 1, "72": 2, "59": 0, "64": 1, "63": 0, "56": 1, "57": 1, "61": 0, "62": 1, "58": 1, "67": 0, "55": 2, "53": 2, "43": 3, "47": 2, "51": 2, "45": 3, "48": 2, "49": 2, "44": 3, "52": 2, "50": 2, "46": 2, "54": 2, "38": 0, "31": 0, "35": 0, "42": 3, "37": 0, "39": 0, "60": 0, "34": 0, "69": 3, "68": 3, "36": 0, "40": 3, "41": 3, "4": 5, "3": 5, "1": 5, "77": 5, "2": 5, "24": 4, "32": 4, "28": 4, "33": 4, "8": 4, "6": 7, "5": 7, "22": 7, "7": 7, "27": 9, "30": 9, "26": 9, "29": 9, "23": 9, "20": 9, "21": 9, "25": 6, "18": 8, "19": 6, "15": 6, "13": 8, "14": 8, "11": 6, "10": 8, "12": 8, "16": 8, "17": 8, "76": 8, "9": 8}, "id": "darylassignment247", "idColumn": {"name": "Area Number", "key": "area_num_1"}, "placeId": "chicago_communities", "problem": {"type": "multimember", "numberOfParts": 50, "name": "City Council", "pluralNoun": "City Council Seats"}}