{"assignment": {"9": 7, "10": 7, "76": 6, "19": 6, "15": 6, "20": 6, "11": 7, "77": 3, "1": 3, "14": 7, "2": 3, "12": 7, "13": 7, "75": 5, "49": 5, "51": 4, "74": 5, "53": 5, "50": 4, "70": 9, "54": 5, "72": 5, "47": 4, "73": 5, "48": 4, "55": 5, "16": 7, "4": 3, "6": 0, "5": 0, "3": 3, "23": 6, "17": 6, "25": 1, "26": 1, "29": 1, "18": 1, "21": 7, "7": 0, "24": 1, "27": 1, "22": 0, "37": 8, "52": 4, "43": 4, "44": 4, "41": 4, "40": 4, "69": 4, "68": 5, "42": 4, "45": 4, "46": 4, "67": 9, "56": 9, "63": 9, "64": 9, "66": 9, "65": 9, "71": 5, "32": 8, "31": 2, "30": 2, "28": 8, "8": 8, "35": 8, "36": 8, "38": 8, "33": 8, "34": 8, "39": 8, "60": 2, "61": 2, "57": 2, "58": 2, "59": 2, "62": 2}, "id": "darylassignment1070", "idColumn": {"name": "Area Number", "key": "area_num_1"}, "placeId": "chicago_communities", "problem": {"type": "multimember", "numberOfParts": 50, "name": "City Council", "pluralNoun": "City Council Seats"}}