{"assignment": {"71": 3, "70": 3, "74": 3, "66": 3, "73": 2, "75": 3, "65": 3, "72": 3, "59": 0, "64": 0, "63": 0, "56": 0, "57": 0, "61": 0, "62": 0, "58": 0, "67": 0, "55": 2, "53": 3, "43": 2, "47": 2, "51": 2, "45": 2, "48": 2, "49": 2, "44": 2, "52": 2, "50": 2, "46": 2, "54": 2, "38": 1, "31": 1, "35": 1, "42": 1, "37": 1, "39": 1, "60": 1, "34": 1, "69": 1, "68": 1, "36": 1, "40": 1, "41": 1, "4": 4, "3": 4, "1": 4, "77": 4, "2": 4, "24": 7, "32": 7, "28": 7, "33": 7, "8": 7, "6": 6, "5": 6, "22": 6, "7": 6, "27": 8, "30": 8, "26": 8, "29": 8, "23": 8, "20": 8, "21": 8, "25": 5, "18": 9, "19": 5, "15": 5, "13": 9, "14": 9, "11": 5, "10": 9, "12": 9, "16": 9, "17": 9, "76": 9, "9": 9}, "id": "darylassignment165", "idColumn": {"name": "Area Number", "key": "area_num_1"}, "placeId": "chicago_communities", "problem": {"type": "multimember", "numberOfParts": 50, "name": "City Council", "pluralNoun": "City Council Seats"}}