{"assignment": {"4": 2, "77": 2, "3": 2, "14": 2, "1": 2, "76": 3, "2": 3, "11": 3, "15": 3, "10": 3, "9": 3, "12": 3, "13": 3, "5": 0, "6": 1, "16": 0, "21": 0, "7": 1, "30": 8, "57": 9, "70": 9, "62": 9, "64": 9, "65": 9, "29": 8, "56": 8, "19": 4, "17": 4, "18": 4, "25": 4, "20": 4, "67": 9, "61": 9, "59": 8, "63": 9, "68": 9, "58": 8, "60": 8, "31": 8, "71": 7, "66": 7, "75": 7, "74": 7, "49": 7, "53": 6, "72": 7, "73": 7, "51": 6, "43": 6, "40": 6, "44": 7, "52": 6, "50": 6, "42": 6, "69": 6, "55": 6, "45": 6, "46": 6, "54": 6, "48": 6, "47": 7, "8": 1, "22": 0, "32": 1, "24": 0, "35": 5, "36": 5, "38": 5, "33": 5, "34": 5, "39": 5, "37": 9, "41": 5, "23": 5, "26": 5, "27": 5, "28": 5}, "id": "darylassignment29", "idColumn": {"name": "Area Number", "key": "area_num_1"}, "placeId": "chicago_communities", "problem": {"type": "multimember", "numberOfParts": 50, "name": "City Council", "pluralNoun": "City Council Seats"}}