{"assignment": {"4": 2, "77": 2, "3": 2, "14": 2, "1": 2, "76": 3, "2": 3, "11": 3, "15": 3, "10": 3, "9": 3, "12": 3, "13": 3, "5": 4, "6": 1, "16": 4, "21": 4, "7": 1, "30": 8, "57": 9, "70": 9, "62": 9, "64": 9, "65": 9, "29": 8, "56": 8, "19": 5, "17": 5, "18": 5, "25": 5, "20": 5, "67": 9, "61": 9, "59": 8, "63": 9, "68": 9, "58": 8, "60": 8, "31": 8, "71": 7, "66": 7, "75": 6, "74": 6, "49": 6, "53": 6, "72": 6, "73": 6, "51": 6, "43": 7, "40": 7, "44": 6, "52": 6, "50": 6, "42": 7, "69": 7, "55": 6, "45": 7, "46": 7, "54": 6, "48": 6, "47": 6, "8": 1, "22": 4, "32": 1, "24": 4, "35": 0, "36": 0, "38": 0, "33": 0, "34": 0, "39": 0, "37": 9, "41": 0, "23": 0, "26": 0, "27": 0, "28": 0}, "id": "darylassignment41", "idColumn": {"name": "Area Number", "key": "area_num_1"}, "placeId": "chicago_communities", "problem": {"type": "multimember", "numberOfParts": 50, "name": "City Council", "pluralNoun": "City Council Seats"}}