{"assignment": {"4": 4, "77": 4, "3": 4, "14": 4, "1": 4, "76": 0, "2": 0, "11": 0, "15": 0, "10": 0, "9": 0, "12": 0, "13": 0, "5": 8, "6": 8, "16": 8, "21": 8, "7": 8, "30": 5, "57": 5, "70": 5, "62": 5, "64": 5, "65": 5, "29": 5, "56": 5, "19": 3, "17": 3, "18": 3, "25": 3, "20": 3, "67": 9, "61": 9, "59": 9, "63": 9, "68": 9, "58": 9, "60": 9, "31": 9, "71": 7, "66": 7, "75": 7, "74": 7, "49": 7, "53": 7, "72": 7, "73": 7, "51": 6, "43": 6, "40": 6, "44": 6, "52": 6, "50": 6, "42": 6, "69": 6, "55": 6, "45": 6, "46": 6, "54": 7, "48": 6, "47": 6, "8": 2, "22": 2, "32": 2, "24": 2, "35": 1, "36": 1, "38": 1, "33": 1, "34": 1, "39": 1, "37": 9, "41": 1, "23": 1, "26": 1, "27": 1, "28": 1}, "id": "darylassignment12", "idColumn": {"name": "Area Number", "key": "area_num_1"}, "placeId": "chicago_communities", "problem": {"type": "multimember", "numberOfParts": 50, "name": "City Council", "pluralNoun": "City Council Seats"}}