{"assignment": {"4": 4, "77": 4, "3": 4, "14": 4, "1": 4, "76": 3, "2": 0, "11": 3, "15": 0, "10": 3, "9": 3, "12": 0, "13": 0, "5": 2, "6": 8, "16": 2, "21": 2, "7": 8, "30": 5, "57": 5, "70": 5, "62": 5, "64": 5, "65": 5, "29": 5, "56": 5, "19": 0, "17": 3, "18": 3, "25": 3, "20": 0, "67": 9, "61": 9, "59": 9, "63": 9, "68": 9, "58": 9, "60": 9, "31": 9, "71": 6, "66": 6, "75": 6, "74": 6, "49": 6, "53": 6, "72": 6, "73": 6, "51": 7, "43": 7, "40": 7, "44": 7, "52": 7, "50": 7, "42": 7, "69": 7, "55": 7, "45": 7, "46": 7, "54": 6, "48": 7, "47": 7, "8": 8, "22": 2, "32": 8, "24": 2, "35": 1, "36": 1, "38": 1, "33": 1, "34": 1, "39": 1, "37": 9, "41": 1, "23": 1, "26": 1, "27": 1, "28": 1}, "id": "darylassignment19", "idColumn": {"name": "Area Number", "key": "area_num_1"}, "placeId": "chicago_communities", "problem": {"type": "multimember", "numberOfParts": 50, "name": "City Council", "pluralNoun": "City Council Seats"}}