{"assignment": {"4": 0, "1": 0, "14": 0, "77": 0, "2": 0, "11": 1, "12": 1, "17": 1, "10": 1, "76": 1, "19": 1, "13": 1, "9": 1, "74": 2, "73": 2, "54": 2, "49": 2, "71": 2, "70": 2, "75": 2, "72": 2, "53": 2, "55": 3, "42": 3, "43": 3, "47": 3, "51": 3, "45": 3, "48": 3, "44": 3, "69": 3, "52": 3, "50": 3, "46": 3, "40": 3, "16": 4, "6": 4, "5": 4, "3": 4, "21": 4, "38": 5, "31": 5, "35": 5, "37": 5, "39": 5, "60": 5, "34": 5, "61": 5, "68": 5, "36": 5, "67": 5, "41": 5, "59": 8, "64": 8, "66": 8, "63": 8, "56": 8, "57": 8, "62": 8, "58": 8, "65": 8, "25": 7, "26": 7, "23": 7, "20": 7, "18": 7, "15": 7, "24": 6, "27": 6, "30": 6, "28": 6, "29": 6, "33": 9, "22": 9, "7": 9, "8": 9, "32": 9}, "id": "darylassignment447", "idColumn": {"name": "Area Number", "key": "area_num_1"}, "placeId": "chicago_communities", "problem": {"type": "multimember", "numberOfParts": 50, "name": "City Council", "pluralNoun": "City Council Seats"}}