{"assignment": {"71": 0, "70": 0, "74": 1, "66": 2, "73": 1, "75": 1, "65": 0, "72": 1, "59": 2, "64": 0, "63": 2, "56": 0, "57": 0, "61": 2, "62": 0, "58": 0, "67": 2, "55": 1, "53": 1, "43": 5, "47": 1, "51": 1, "45": 5, "48": 1, "49": 1, "44": 5, "52": 1, "50": 1, "46": 1, "54": 1, "38": 5, "31": 2, "35": 5, "42": 5, "37": 5, "39": 5, "60": 2, "34": 2, "69": 5, "68": 5, "36": 5, "40": 5, "41": 5, "4": 6, "3": 6, "1": 6, "77": 6, "2": 6, "24": 4, "32": 4, "28": 4, "33": 4, "8": 4, "6": 8, "5": 8, "22": 8, "7": 8, "27": 3, "30": 3, "26": 3, "29": 3, "23": 3, "20": 3, "21": 3, "25": 7, "18": 9, "19": 7, "15": 7, "13": 9, "14": 9, "11": 7, "10": 9, "12": 9, "16": 9, "17": 9, "76": 9, "9": 9}, "id": "darylassignment444", "idColumn": {"name": "Area Number", "key": "area_num_1"}, "placeId": "chicago_communities", "problem": {"type": "multimember", "numberOfParts": 50, "name": "City Council", "pluralNoun": "City Council Seats"}}