{"assignment": {"9": 3, "10": 3, "76": 6, "19": 8, "15": 6, "20": 8, "11": 3, "77": 7, "1": 7, "14": 3, "2": 7, "12": 3, "13": 3, "75": 1, "49": 1, "51": 5, "74": 1, "53": 1, "50": 5, "70": 1, "54": 1, "72": 1, "47": 5, "73": 1, "48": 5, "55": 1, "16": 3, "4": 7, "6": 0, "5": 0, "3": 7, "23": 8, "17": 6, "25": 6, "26": 8, "29": 6, "18": 6, "21": 3, "7": 0, "24": 8, "27": 8, "22": 0, "37": 9, "52": 5, "43": 5, "44": 5, "41": 5, "40": 5, "69": 5, "68": 9, "42": 5, "45": 5, "46": 5, "67": 9, "56": 4, "63": 9, "64": 4, "66": 4, "65": 4, "71": 1, "32": 2, "31": 9, "30": 4, "28": 2, "8": 2, "35": 2, "36": 2, "38": 2, "33": 2, "34": 2, "39": 2, "60": 9, "61": 9, "57": 4, "58": 9, "59": 9, "62": 4}, "id": "darylassignment1056", "idColumn": {"name": "Area Number", "key": "area_num_1"}, "placeId": "chicago_communities", "problem": {"type": "multimember", "numberOfParts": 50, "name": "City Council", "pluralNoun": "City Council Seats"}}