{"assignment": {"4": 5, "77": 5, "3": 5, "14": 2, "1": 5, "76": 4, "2": 5, "11": 2, "15": 2, "10": 2, "9": 2, "12": 2, "13": 2, "5": 9, "6": 9, "16": 9, "21": 9, "7": 9, "30": 7, "57": 8, "70": 8, "62": 8, "64": 8, "65": 8, "29": 7, "56": 8, "19": 4, "17": 4, "18": 4, "25": 4, "20": 2, "67": 1, "61": 1, "59": 1, "63": 1, "68": 0, "58": 1, "60": 1, "31": 1, "71": 8, "66": 8, "75": 6, "74": 6, "49": 6, "53": 6, "72": 6, "73": 6, "51": 6, "43": 0, "40": 0, "44": 6, "52": 6, "50": 6, "42": 0, "69": 0, "55": 6, "45": 0, "46": 0, "54": 6, "48": 0, "47": 6, "8": 3, "22": 7, "32": 3, "24": 3, "35": 1, "36": 0, "38": 0, "33": 3, "34": 1, "39": 0, "37": 0, "41": 0, "23": 7, "26": 4, "27": 7, "28": 3}, "id": "darylassignment129", "idColumn": {"name": "Area Number", "key": "area_num_1"}, "placeId": "chicago_communities", "problem": {"type": "multimember", "numberOfParts": 50, "name": "City Council", "pluralNoun": "City Council Seats"}}