{"assignment": {"4": 0, "1": 0, "14": 0, "77": 0, "2": 0, "11": 1, "12": 1, "17": 1, "10": 1, "76": 1, "19": 1, "13": 1, "9": 1, "74": 2, "73": 2, "54": 2, "49": 2, "71": 2, "70": 2, "75": 2, "72": 2, "53": 2, "55": 3, "42": 3, "43": 3, "47": 3, "51": 3, "45": 3, "48": 3, "44": 3, "69": 3, "52": 3, "50": 3, "46": 3, "40": 3, "16": 9, "6": 9, "5": 9, "3": 9, "21": 9, "38": 8, "31": 8, "35": 8, "37": 8, "39": 8, "60": 8, "34": 8, "61": 8, "68": 8, "36": 8, "67": 8, "41": 8, "59": 5, "64": 5, "66": 5, "63": 5, "56": 5, "57": 5, "62": 5, "58": 5, "65": 5, "25": 7, "26": 7, "23": 7, "20": 7, "18": 7, "15": 7, "24": 6, "27": 6, "30": 6, "28": 6, "29": 6, "33": 4, "22": 4, "7": 4, "8": 4, "32": 4}, "id": "darylassignment450", "idColumn": {"name": "Area Number", "key": "area_num_1"}, "placeId": "chicago_communities", "problem": {"type": "multimember", "numberOfParts": 50, "name": "City Council", "pluralNoun": "City Council Seats"}}