{"assignment": {"77": 0, "4": 0, "1": 0, "2": 0, "3": 0, "52": 2, "44": 2, "75": 2, "49": 2, "51": 2, "53": 2, "50": 2, "54": 2, "45": 2, "47": 2, "73": 2, "48": 2, "55": 2, "46": 2, "37": 9, "43": 9, "35": 9, "33": 9, "41": 9, "40": 9, "69": 9, "34": 9, "68": 9, "36": 9, "42": 9, "38": 9, "39": 9, "32": 8, "6": 8, "7": 8, "8": 8, "9": 4, "10": 4, "11": 4, "13": 4, "16": 4, "76": 4, "14": 4, "5": 4, "12": 4, "17": 6, "25": 5, "29": 5, "19": 6, "18": 6, "23": 5, "21": 6, "26": 5, "15": 6, "20": 6, "22": 5, "56": 7, "62": 7, "57": 7, "64": 7, "59": 7, "30": 7, "58": 7, "65": 7, "67": 1, "63": 1, "70": 1, "72": 1, "66": 1, "74": 1, "71": 1, "60": 3, "61": 3, "24": 3, "27": 3, "28": 3, "31": 3}, "id": "darylassignment476", "idColumn": {"name": "Area Number", "key": "area_num_1"}, "placeId": "chicago_communities", "problem": {"type": "multimember", "numberOfParts": 50, "name": "City Council", "pluralNoun": "City Council Seats"}}