{"assignment": {"4": 0, "77": 0, "3": 0, "14": 0, "1": 0, "76": 1, "2": 1, "11": 1, "15": 1, "10": 1, "9": 1, "12": 1, "13": 1, "5": 8, "6": 8, "16": 8, "21": 8, "7": 8, "30": 3, "57": 3, "70": 3, "62": 3, "64": 3, "65": 3, "29": 3, "56": 3, "19": 4, "17": 4, "18": 4, "25": 4, "20": 4, "67": 9, "61": 9, "59": 9, "63": 9, "68": 9, "58": 9, "60": 9, "31": 9, "71": 6, "66": 6, "75": 6, "74": 6, "49": 6, "53": 7, "72": 6, "73": 6, "51": 7, "43": 7, "40": 7, "44": 6, "52": 7, "50": 7, "42": 7, "69": 7, "55": 7, "45": 7, "46": 7, "54": 7, "48": 7, "47": 6, "8": 2, "22": 2, "32": 2, "24": 2, "35": 5, "36": 5, "38": 5, "33": 5, "34": 5, "39": 5, "37": 9, "41": 5, "23": 5, "26": 5, "27": 5, "28": 5}, "id": "darylassignment5", "idColumn": {"name": "Area Number", "key": "area_num_1"}, "placeId": "chicago_communities", "problem": {"type": "multimember", "numberOfParts": 50, "name": "City Council", "pluralNoun": "City Council Seats"}}